ID(游戏内部名),Health,AttackDamage,BasicAttackThreatGeneration,AttackSpeed,Speed,PointValue,DigAmmount,DigSpeed,Temperament,PhysicalResist,VenomResist,Armour,Evasion,HealthPerSecond,MaxSingleDamage,Piercing,SlowResist,AOEResist,CannotBePickedUp,CannotBeExercuted,CannotBeStunned,CannotBeConfused,CannotFlee,CannotBeStrongPickedUp,CannotBeKnockedBack,FoodHarvestTime,FoodCarryMax,FoodValue,WanderDistance,PickupTime,TargetRadius,ArrivalDistance,ReachableDistance,AttackTolDistance
Default,25.0,1.0,0.0,1.0,300.0,5.0,2.0,0.05000000074505806,ECreatureTemperament::AttackOnSight,0.0,0.0,0.0,0.0,0.0,0.0,0.0,0.0,0.0,0,0,0,0,0,0,0,1.0,15,0,500.0,0.5,400.0,28.0,20.0,25.0
BlackAnt1,50.0,3.5999999046325684,0.0,1.0,300.0,10.0,2.0,0.05000000074505806,ECreatureTemperament::AttackOnSight,0.0,0.0,0.0,0.0,0.10000000149011612,0.0,0.0,0.0,0.20000000298023224,0,0,0,0,0,0,0,1.0,15,0,500.0,0.5,400.0,28.0,20.0,25.0
BlackAnt2,60.0,4.400000095367432,0.0,1.0,300.0,14.0,2.0,0.05000000074505806,ECreatureTemperament::AttackOnSight,0.0,0.0,0.0,0.0,0.20000000298023224,0.0,0.0,0.0,0.20000000298023224,0,0,0,0,0,0,0,1.0,15,0,500.0,0.5,400.0,30.0,22.0,27.0
BlackAnt3,70.0,4.400000095367432,0.0,1.600000023841858,300.0,20.0,2.0,0.05000000074505806,ECreatureTemperament::AttackOnSight,0.0,0.0,0.0,0.0,0.30000001192092896,0.0,0.0,0.0,0.20000000298023224,0,0,0,0,0,0,0,1.0,15,0,500.0,0.5,400.0,32.0,24.0,29.0
WorkerAnt1,25.0,0.6000000238418579,0.0,1.0,300.0,2.0,2.0,0.05000000074505806,ECreatureTemperament::AttackOnSight,0.0,0.0,0.0,0.0,0.10000000149011612,0.0,0.0,0.0,0.0,0,0,0,0,0,0,0,5.0,15,0,500.0,0.5,400.0,28.0,20.0,25.0
WorkerAnt2,35.0,0.800000011920929,0.0,1.0,340.0,4.0,4.0,0.05000000074505806,ECreatureTemperament::AttackOnSight,0.0,0.0,0.0,0.0,0.10000000149011612,0.0,0.0,0.0,0.0,0,0,0,0,0,0,0,5.0,15,0,500.0,0.5,400.0,30.0,22.0,27.0
WorkerAnt3,45.0,1.0,0.0,1.0,380.0,5.0,6.0,0.05000000074505806,ECreatureTemperament::AttackOnSight,0.0,0.0,0.0,0.0,0.10000000149011612,0.0,0.0,0.0,0.0,0,0,0,0,0,0,0,5.0,15,0,500.0,0.5,400.0,32.0,24.0,29.0
Queen1,600.0,1.0,0.0,1.0,0.0,700.0,0.0,0.0,ECreatureTemperament::AttackOnSight,0.5,0.5,0.0,0.0,1.0,25.0,0.0,0.0,0.0,0,0,0,0,0,0,0,1.0,15,0,0.0,0.5,150.0,80.0,100.0,105.0
DCHLarvae1,70.0,5.0,0.0,1.0,200.0,26.0,0.0,0.0,ECreatureTemperament::AttackOnSight,0.0,0.0,0.0,0.0,0.0,0.0,0.0,0.0,0.0,0,0,0,0,0,0,0,1.0,15,6,500.0,0.5,700.0,40.0,30.0,35.0
DCHAdult1,500.0,20.0,0.0,1.0,200.0,128.0,1.0,1.0,ECreatureTemperament::AttackOnSight,0.0,0.0,0.0,0.0,0.0,0.0,0.0,0.30000001192092896,0.0,0,0,0,0,0,0,0,1.0,15,28,500.0,0.5,600.0,70.0,65.0,50.0
BeachTigerBeetle1,700.0,30.0,0.0,1.0,800.0,300.0,1.0,1.0,ECreatureTemperament::AttackOnSight,0.10000000149011612,0.0,0.0,0.0,0.0,0.0,0.0,0.4000000059604645,0.0,0,0,0,0,0,0,0,1.0,15,65,1500.0,0.5,600.0,75.0,60.0,53.0
BeachTigerBeetle_Small1,300.0,10.0,0.0,1.0,600.0,100.0,1.0,1.0,ECreatureTemperament::AttackOnSight,0.10000000149011612,0.0,0.0,0.0,0.0,0.0,0.0,0.20000000298023224,0.0,0,0,0,0,0,0,0,1.0,15,22,1500.0,0.5,600.0,70.0,65.0,50.0
MTWorkerAnt1,25.0,1.0,0.0,1.0,300.0,5.0,2.0,0.05000000074505806,ECreatureTemperament::AttackOnSight,0.0,0.0,0.0,0.0,0.10000000149011612,0.0,0.0,0.0,0.0,0,0,0,0,0,0,0,1.0,15,0,500.0,0.5,400.0,25.0,20.0,25.0
FunnelWeb1,70.0,5.0,0.0,1.0,800.0,50.0,0.0,0.0,ECreatureTemperament::AttackOnSight,0.0,0.0,0.0,0.0,0.0,0.0,0.0,0.5,0.0,0,0,0,0,0,0,0,1.0,15,20,1.0,0.5,1.0,35.0,30.0,30.0
Woodlouse1,70.0,1.0,0.0,0.5,150.0,3.0,0.0,0.0,ECreatureTemperament::DoNotAttack,0.0,0.0,0.0,0.0,0.0,0.0,0.0,0.0,0.0,0,0,0,0,0,0,0,1.0,15,40,500.0,0.5,100.0,50.0,45.0,35.0
Woodworm1,2.0,0.0,0.0,1.0,75.0,1.0,0.0,0.0,ECreatureTemperament::RetreatWhenAttacked,0.0,0.0,0.0,0.0,0.0,0.0,0.0,0.0,0.0,0,0,0,0,0,0,0,1.0,15,25,100.0,0.5,200.0,28.0,20.0,25.0
WoodAntA1,20.0,2.0,0.0,1.0,280.0,10.0,2.0,0.05000000074505806,ECreatureTemperament::AttackOnSight,0.0,0.0,0.0,0.0,0.10000000149011612,0.0,0.0,0.0,0.0,0,0,0,0,0,0,0,1.0,15,0,500.0,0.5,500.0,28.0,20.0,25.0
WoodAntA2,25.0,2.0,0.0,1.0,280.0,14.0,2.0,0.05000000074505806,ECreatureTemperament::AttackOnSight,0.0,0.0,0.0,0.0,0.10000000149011612,0.0,0.0,0.0,0.0,0,0,0,0,0,0,0,1.0,15,0,500.0,0.5,500.0,30.0,22.0,27.0
WoodAntA3,30.0,2.0,0.0,1.0,280.0,19.0,2.0,0.05000000074505806,ECreatureTemperament::AttackOnSight,0.0,0.0,0.0,0.0,0.10000000149011612,0.0,0.0,0.0,0.0,0,0,0,0,0,0,0,1.0,15,0,500.0,0.5,500.0,32.0,24.0,29.0
WoodAntB1,20.0,2.0,0.0,1.0,280.0,10.0,2.0,0.05000000074505806,ECreatureTemperament::AttackOnSight,0.0,0.0,0.0,0.0,0.10000000149011612,0.0,0.0,0.0,0.0,0,0,0,0,0,0,0,1.0,15,0,500.0,0.5,400.0,28.0,20.0,25.0
WoodAntB2,25.0,2.0,0.0,1.0,280.0,14.0,2.0,0.05000000074505806,ECreatureTemperament::AttackOnSight,0.0,0.0,0.0,0.0,0.10000000149011612,0.0,0.0,0.0,0.0,0,0,0,0,0,0,0,1.0,15,0,500.0,0.5,400.0,30.0,22.0,27.0
WoodAntB3,30.0,2.0,0.0,1.0,280.0,19.0,2.0,0.05000000074505806,ECreatureTemperament::AttackOnSight,0.0,0.0,0.0,0.0,0.10000000149011612,0.0,0.0,0.0,0.0,0,0,0,0,0,0,0,1.0,15,0,500.0,0.5,400.0,32.0,24.0,29.0
WoodAntMelee1,85.0,0.6000000238418579,0.20000000298023224,1.0,320.0,8.0,2.0,0.05000000074505806,ECreatureTemperament::AttackOnSight,0.0,0.0,0.20000000298023224,0.0,0.10000000149011612,0.0,0.0,0.0,0.30000001192092896,0,0,0,0,0,0,0,1.0,15,0,500.0,0.5,400.0,23.0,20.0,30.0
WoodAntMelee2,100.0,1.2000000476837158,0.25,1.0,320.0,12.0,2.0,0.05000000074505806,ECreatureTemperament::AttackOnSight,0.10000000149011612,0.0,0.4000000059604645,0.0,0.20000000298023224,0.0,0.0,0.0,0.30000001192092896,0,0,0,0,0,0,0,1.0,15,0,500.0,0.5,400.0,25.0,22.0,32.0
WoodAntMelee3,120.0,1.7999999523162842,0.30000001192092896,1.0,320.0,18.0,2.0,0.05000000074505806,ECreatureTemperament::AttackOnSight,0.20000000298023224,0.0,0.6000000238418579,0.0,0.30000001192092896,0.0,0.0,0.0,0.30000001192092896,0,0,0,0,0,0,0,1.0,15,0,500.0,0.5,400.0,37.0,24.0,34.0
BeachWolfSpider1,600.0,80.0,0.0,1.0,1200.0,400.0,0.0,0.0,ECreatureTemperament::AttackOnSight,0.0,0.4000000059604645,0.0,0.0,0.0,0.0,0.0,0.6000000238418579,0.0,0,0,0,0,0,0,0,1.0,15,86,500.0,0.5,600.0,75.0,60.0,53.0
MediumBeachWolfSpider1,400.0,60.0,0.0,1.0,1000.0,257.0,0.0,0.0,ECreatureTemperament::AttackOnSight,0.0,0.30000001192092896,0.0,0.0,0.0,0.0,0.0,0.4000000059604645,0.0,0,0,0,0,0,0,0,1.0,15,56,500.0,0.5,600.0,50.0,45.0,35.0
SmallBeachWolfSpider1,120.0,40.0,0.0,1.0,800.0,100.0,0.0,0.0,ECreatureTemperament::AttackOnSight,0.0,0.30000001192092896,0.0,0.0,0.0,0.0,0.0,0.20000000298023224,0.0,0,0,0,0,0,0,0,1.0,15,22,500.0,0.5,600.0,35.0,30.0,28.0
BeachWolfSpiderling1,25.0,5.0,0.0,1.0,800.0,14.0,0.0,0.0,ECreatureTemperament::AttackOnSight,0.0,0.0,0.0,0.0,0.0,0.0,0.0,0.0,0.0,0,0,0,0,0,0,0,1.0,15,3,500.0,0.5,400.0,28.0,20.0,25.0
LargeHermitCrab1,4500.0,20.0,0.0,1.0,300.0,550.0,50.0,0.699999988079071,ECreatureTemperament::AttackOnSight,0.30000001192092896,0.0,0.0,0.0,0.0,0.0,0.0,0.4000000059604645,0.0,0,0,0,0,0,0,0,1.0,15,120,500.0,0.5,600.0,70.0,65.0,50.0
HermitCrab1,1500.0,10.0,0.0,1.0,150.0,215.0,50.0,0.699999988079071,ECreatureTemperament::AttackOnSight,0.20000000298023224,0.0,0.0,0.0,0.0,0.0,0.0,0.4000000059604645,0.0,0,0,0,0,0,0,0,1.0,15,46,600.0,0.5,200.0,50.0,45.0,35.0
SmallHermitCrab1,750.0,5.0,0.0,1.0,120.0,100.0,50.0,0.699999988079071,ECreatureTemperament::AttackOnSight,0.20000000298023224,0.0,0.0,0.0,0.0,0.0,0.0,0.20000000298023224,0.0,0,0,0,0,0,0,0,1.0,15,22,600.0,0.5,200.0,30.0,25.0,28.0
Ladybird1,100.0,1.0,0.0,1.0,130.0,15.0,0.0,0.0,ECreatureTemperament::AttackOnSight,0.0,0.0,0.0,0.0,0.0,0.0,0.0,0.0,0.0,0,0,0,0,0,0,0,1.0,15,10,600.0,0.5,200.0,60.0,55.0,42.0
SlaveMakerAnt1,50,3,0.0,1,280,15,2.0,0.05000000074505806,ECreatureTemperament::AttackOnSight,0,0,0,0,0.1,0.0,0,0.0,0,0,0,0,0,0,0,0,1.0,15,0,500.0,0.5,400,40.0,40.0,33.0
SlaveMakerAnt2,80,4.4,0.0,1.2,300,18,2.0,0.05000000074505806,ECreatureTemperament::AttackOnSight,0,0,0,0,0.15,0.0,0,0.0,0,0,0,0,0,0,0,0,1.0,15,0,500.0,0.5,400,45.0,45.0,38.0
SlaveMakerAnt3,120,7,0.0,1.46667,320,22,2.0,0.05000000074505806,ECreatureTemperament::AttackOnSight,0,0,0,0,0.2,0.0,0,0.0,0,0,0,0,0,0,0,0,1.0,15,0,500.0,0.5,400,50.0,50.0,43.0
SlaverAnt1,20.0,2.0,0.0,1.0,300.0,10.0,2.0,0.05000000074505806,ECreatureTemperament::AttackOnSight,0.0,0.0,0.0,0.0,0.0,0.0,0.0,0.0,0.0,0,0,0,0,0,0,0,1.0,15,0,500.0,0.5,400.0,32.0,24.0,29.0
SwarmQueen1,600.0,1.0,0.0,1.0,200.0,700.0,0.0,0.0,ECreatureTemperament::DoNotAttack,0.0,0.0,0.0,0.0,1.0,0.0,0.0,0.0,0.0,0,0,0,0,0,0,0,1.0,15,100,300.0,0.5,150.0,80.0,100.0,105.0
MoleCricket1,450.0,9.5,0.0,1.0,150.0,86.0,1.0,1.0,ECreatureTemperament::AttackOnSight,0.0,0.0,0.0,0.0,0.0,0.0,0.0,0.30000001192092896,0.0,0,0,0,0,0,0,0,1.0,15,19,500.0,0.5,600.0,70.0,65.0,50.0
RoyalGuard1,200.0,10.0,0.0,1.600000023841858,400.0,0.0,2.0,0.05000000074505806,ECreatureTemperament::AttackOnSight,0.0,0.0,0.0,0.0,0.0,0.0,0.0,0.0,0.0,0,0,0,0,0,0,0,1.0,15,0,500.0,0.5,400.0,32.0,24.0,29.0
UberBeachTigerBeetle1,10000.0,15.0,0.0,1.600000023841858,800.0,3000.0,0.0,0.0,ECreatureTemperament::AttackOnSight,0.0,0.0,1.5,0.0,0.0,0.0,0.0,0.4000000059604645,0.0,0,0,0,0,0,0,0,1.0,15,3000,600.0,0.5,600.0,80.0,75.0,56.0
UberDCHAdult1,10000.0,15.0,0.0,2.0,600.0,3000.0,0.0,0.0,ECreatureTemperament::AttackOnSight,0.4000000059604645,0.0,0.0,0.0,0.0,0.0,0.0,0.30000001192092896,0.0,0,0,0,0,0,0,0,1.0,15,3000,600.0,0.5,600.0,80.0,75.0,56.0
UberBeachWolfSpider1,10000.0,410.0,0.0,1.2000000476837158,1200.0,3000.0,0.0,0.0,ECreatureTemperament::AttackOnSight,0.0,0.4000000059604645,0.0,0.0,0.0,6.0,0.0,0.6000000238418579,0.0,0,0,0,0,0,0,0,1.0,15,3000,600.0,0.5,600.0,80.0,75.0,56.0
UberHermitCrab1,12500.0,15.0,0.0,1.600000023841858,400.0,3000.0,50.0,0.699999988079071,ECreatureTemperament::AttackOnSight,0.20000000298023224,0.20000000298023224,0.0,0.0,0.0,0.0,0.0,0.4000000059604645,0.0,0,0,0,0,0,0,0,1.0,15,3000,600.0,0.5,200.0,80.0,75.0,56.0
LeafcutterMinim1,1.0,0.6000000238418579,0.0,1.0,220.0,1.0,2.0,0.05000000074505806,ECreatureTemperament::AttackOnSight,0.0,0.0,0.0,0.0,0.0,0.0,0.0,0.0,0.0,0,0,0,0,0,0,0,1.0,1,0,500.0,0.5,400.0,28.0,20.0,25.0
LeafcutterMinor1,25.0,0.6000000238418579,0.0,1.0,300.0,2.0,2.0,0.05000000074505806,ECreatureTemperament::AttackOnSight,0.0,0.0,0.0,0.0,0.10000000149011612,0.0,0.0,0.0,0.0,0,0,0,0,0,0,0,1.0,7,0,500.0,0.5,400.0,28.0,20.0,25.0
LeafcutterMinor2,35.0,0.800000011920929,0.0,1.0,340.0,4.0,4.0,0.05000000074505806,ECreatureTemperament::AttackOnSight,0.0,0.0,0.0,0.0,0.10000000149011612,0.0,0.0,0.0,0.0,0,0,0,0,0,0,0,1.0,8,0,500.0,0.5,400.0,30.0,22.0,27.0
LeafcutterMinor3,45.0,1.0,0.0,1.0,380.0,5.0,6.0,0.05000000074505806,ECreatureTemperament::AttackOnSight,0.0,0.0,0.0,0.0,0.10000000149011612,0.0,0.0,0.0,0.0,0,0,0,0,0,0,0,1.0,9,0,500.0,0.5,400.0,32.0,24.0,29.0
LeafcutterMedia1,100.0,4.5,0.0,1.0,310.0,22.0,2.0,0.05000000074505806,ECreatureTemperament::AttackOnSight,0.0,0.0,0.20000000298023224,0.0,0.10000000149011612,0.0,0.20000000298023224,0.0,0.0,0,0,0,0,0,0,0,1.0,17,0,500.0,0.5,400.0,40.0,30.0,35.0
LeafcutterMedia2,115.0,6.0,0.0,1.0,320.0,25.0,2.0,0.05000000074505806,ECreatureTemperament::AttackOnSight,0.0,0.0,0.4000000059604645,0.0,0.20000000298023224,0.0,0.30000001192092896,0.0,0.0,0,0,0,0,0,0,0,1.0,19,0,500.0,0.5,400.0,42.0,32.0,37.0
LeafcutterMedia3,130.0,7.0,0.0,1.2999999523162842,330.0,37.0,2.0,0.05000000074505806,ECreatureTemperament::AttackOnSight,0.0,0.0,0.800000011920929,0.0,0.30000001192092896,0.0,0.4000000059604645,0.0,0.0,0,0,0,0,0,0,0,1.0,22,0,500.0,0.5,400.0,44.0,34.0,39.0
LeafcutterMajorTaunt1,200.0,12.0,0.30000001192092896,0.800000011920929,300.0,40.0,2.0,0.05000000074505806,ECreatureTemperament::AttackOnSight,0.0,0.0,0.0,0.0,0.10000000149011612,0.0,0.0,0.0,0.0,0,0,0,0,0,0,0,1.0,16,0,500.0,0.5,450.0,60.0,50.0,42.0
LeafcutterMajorTaunt2,240.0,15.0,0.30000001192092896,0.800000011920929,300.0,60.0,2.0,0.05000000074505806,ECreatureTemperament::AttackOnSight,0.0,0.0,0.0,0.0,0.15000000596046448,0.0,0.0,0.0,0.0,0,0,0,0,0,0,0,1.0,16,0,500.0,0.5,460.0,62.0,52.0,43.0
LeafcutterMajorTaunt3,400.0,22.0,0.30000001192092896,1.0,300.0,100.0,2.0,0.05000000074505806,ECreatureTemperament::AttackOnSight,0.0,0.0,0.0,0.0,0.20000000298023224,0.0,0.0,0.0,0.0,0,0,0,0,0,0,0,1.0,16,0,500.0,0.5,470.0,64.0,54.0,44.0
LeafcutterMajorStun1,200.0,12.0,0.30000001192092896,0.800000011920929,300.0,40.0,2.0,0.05000000074505806,ECreatureTemperament::AttackOnSight,0.0,0.0,0.0,0.0,0.10000000149011612,0.0,0.0,0.0,0.0,0,0,0,0,0,0,0,1.0,16,0,500.0,0.5,450.0,60.0,50.0,42.0
LeafcutterMajorStun2,240.0,15.0,0.30000001192092896,0.800000011920929,300.0,60.0,2.0,0.05000000074505806,ECreatureTemperament::AttackOnSight,0.0,0.0,0.0,0.0,0.15000000596046448,0.0,0.0,0.0,0.0,0,0,0,0,0,0,0,1.0,16,0,500.0,0.5,460.0,62.0,52.0,43.0
LeafcutterMajorStun3,400.0,22.0,0.30000001192092896,1.0,300.0,100.0,2.0,0.05000000074505806,ECreatureTemperament::AttackOnSight,0.0,0.0,0.0,0.0,0.20000000298023224,0.0,0.0,0.0,0.0,0,0,0,0,0,0,0,1.0,16,0,500.0,0.5,470.0,64.0,54.0,44.0
LeafcutterSuperMajor1,3200.0,20.0,0.0,1.600000023841858,300.0,430.0,2.0,0.05000000074505806,ECreatureTemperament::AttackOnSight,0.0,0.0,0.0,0.0,1.0,0.0,0.0,0.0,0.0,0,0,0,0,0,0,0,1.0,16,0,500.0,0.5,470.0,90.0,85.0,65.0
ArmyAnt1,30.0,3.0,0.0,1.2999999523162842,300.0,10.0,2.0,0.05000000074505806,ECreatureTemperament::AttackOnSight,0.0,0.0,0.0,0.0,0.10000000149011612,0.0,0.0,0.0,0.30000001192092896,0,0,0,0,0,0,0,1.0,15,0,500.0,0.5,400.0,28.0,20.0,25.0
ArmyAnt2,40.0,4.5,0.0,1.399999976158142,300.0,15.0,2.0,0.05000000074505806,ECreatureTemperament::AttackOnSight,0.0,0.0,0.0,0.0,0.10000000149011612,0.0,0.0,0.0,0.30000001192092896,0,0,0,0,0,0,0,1.0,15,0,500.0,0.5,400.0,30.0,22.0,27.0
ArmyAnt3,55.0,6.0,0.0,1.5,300.0,22.0,2.0,0.05000000074505806,ECreatureTemperament::AttackOnSight,0.0,0.0,0.0,0.0,0.10000000149011612,0.0,0.0,0.0,0.30000001192092896,0,0,0,0,0,0,0,1.0,15,0,500.0,0.5,400.0,32.0,24.0,29.0
ArmyAntMajor1,90.0,8.0,0.30000001192092896,1.0,320.0,30.0,2.0,0.05000000074505806,ECreatureTemperament::AttackOnSight,0.20000000298023224,0.0,0.0,0.0,0.10000000149011612,0.0,0.0,0.0,0.0,0,0,0,0,0,0,0,1.0,15,0,500.0,0.5,400.0,40.0,30.0,35.0
ArmyAntMajor2,105.0,10.0,0.30000001192092896,1.0,320.0,42.0,2.0,0.05000000074505806,ECreatureTemperament::AttackOnSight,0.30000001192092896,0.0,0.0,0.0,0.15000000596046448,0.0,0.0,0.0,0.0,0,0,0,0,0,0,0,1.0,15,0,500.0,0.5,400.0,42.0,32.0,37.0
ArmyAntMajor3,130.0,12.0,0.30000001192092896,1.2000000476837158,320.0,54.0,2.0,0.05000000074505806,ECreatureTemperament::AttackOnSight,0.4000000059604645,0.0,0.0,0.0,0.20000000298023224,0.0,0.0,0.0,0.0,0,0,0,0,0,0,0,1.0,15,0,500.0,0.5,400.0,44.0,34.0,39.0
BTBLarvae1,500.0,20.0,0.0,1.0,800.0,100.0,1.0,1.0,ECreatureTemperament::AttackOnSight,0.0,0.0,0.0,0.0,0.0,0.0,0.0,1.0,0.0,0,0,0,0,0,0,0,1.0,15,30,500.0,0.5,600.0,55.0,50.0,39.0
PlayerControlledSpider1,100.0,80.0,0.0,1.0,400.0,400.0,0.0,0.0,ECreatureTemperament::AttackOnSight,0.0,0.0,0.0,0.0,0.0,300.0,0.0,0.6000000238418579,0.0,0,0,0,0,0,0,0,1.0,15,260,500.0,0.5,600.0,55.0,50.0,39.0
Harvestman_Large1,500.0,1.0,0.0,1.0,400.0,85.0,1.0,1.0,ECreatureTemperament::AttackOnSight,0.0,0.20000000298023224,0.0,0.30000001192092896,1.0,0.0,0.0,0.4000000059604645,0.0,0,0,0,0,0,0,0,1.0,15,19,500.0,0.5,600.0,70.0,65.0,50.0
Harvestman_Small1,300.0,1.0,0.0,1.0,300.0,36.0,0.0,0.0,ECreatureTemperament::AttackOnSight,0.0,0.0,0.0,0.10000000149011612,0.30000001192092896,0.0,0.0,0.30000001192092896,0.0,0,0,0,0,0,0,0,1.0,15,9,500.0,0.5,700.0,40.0,30.0,35.0
JumpingSpider1,80.0,25.0,0.0,1.0,1200.0,53.0,0.0,0.0,ECreatureTemperament::AttackWhenFavorable,0.0,0.0,0.0,0.0,0.0,0.0,0.0,0.0,0.0,0,0,0,0,0,0,0,1.0,15,12,500.0,0.5,700.0,40.0,30.0,35.0
PMOld1,900.0,80.0,0.0,1.0,600.0,360.0,1.0,1.0,ECreatureTemperament::AttackWhenFavorable,0.0,0.30000001192092896,0.0,0.0,0.0,0.0,0.30000001192092896,0.0,0.0,0,0,0,0,0,0,0,1.0,15,78,500.0,0.5,1200.0,95.0,80.0,53.0
PMYung1,110.0,25.0,0.0,1.0,450.0,70.0,1.0,1.0,ECreatureTemperament::AttackWhenFavorable,0.0,0.0,0.0,0.0,0.0,0.0,0.10000000149011612,0.0,0.0,0,0,0,0,0,0,0,1.0,15,15,500.0,0.5,1000.0,40.0,30.0,35.0
RoveBeetleA1,400.0,14.0,0.0,1.2000000476837158,320.0,215.0,1.0,1.0,ECreatureTemperament::AttackOnSight,0.10000000149011612,0.0,2.0,0.0,0.0,0.0,0.0,0.4000000059604645,0.0,0,0,0,0,0,0,0,1.0,15,46,500.0,0.5,600.0,70.0,65.0,50.0
RoveBeetleALarva1,50.0,3.0,0.0,1.2000000476837158,320.0,18.0,0.0,0.0,ECreatureTemperament::AttackOnSight,0.10000000149011612,0.0,0.0,0.0,0.0,0.0,0.0,0.20000000298023224,0.0,0,0,0,0,0,0,0,1.0,15,6,500.0,0.5,700.0,40.0,30.0,35.0
RoveBeetleB1,550.0,22.0,0.0,0.8999999761581421,200.0,143.0,1.0,1.0,ECreatureTemperament::AttackOnSight,0.0,0.0,0.0,0.0,0.0,10.0,0.0,0.0,0.0,0,0,0,0,0,0,0,1.0,15,31,500.0,0.5,600.0,70.0,65.0,50.0
RoveBeetleBLarva1,60.0,4.0,0.0,0.8999999761581421,200.0,18.0,0.0,0.0,ECreatureTemperament::AttackOnSight,0.0,0.30000001192092896,0.0,0.0,0.0,70.0,0.0,0.0,0.0,0,0,0,0,0,0,0,1.0,15,6,500.0,0.5,700.0,40.0,30.0,35.0
SpinyDevil_Large1,650.0,30.0,0.0,1.0,550.0,350.0,1.0,1.0,ECreatureTemperament::AttackOnSight,0.10000000149011612,0.0,0.0,0.0,0.0,0.0,0.20000000298023224,0.4000000059604645,0.0,0,0,0,0,0,0,0,1.0,15,71,800.0,0.5,600.0,75.0,60.0,53.0
SpinyDevil_Medium1,500.0,25.0,0.0,1.0,500.0,200.0,1.0,1.0,ECreatureTemperament::AttackOnSight,0.10000000149011612,0.0,0.0,0.0,0.0,0.0,0.20000000298023224,0.4000000059604645,0.0,0,0,0,0,0,0,0,1.0,15,42,800.0,0.5,600.0,60.0,60.0,53.0
SpinyDevil_Small1,180.0,8.0,0.0,1.0,350.0,45.0,0.0,0.0,ECreatureTemperament::AttackOnSight,0.05000000074505806,0.0,0.0,0.0,0.0,0.0,0.20000000298023224,0.20000000298023224,0.0,0,0,0,0,0,0,0,1.0,15,12,600.0,0.5,600.0,40.0,30.0,35.0
TrapjawAnt1,65,6,0.0,1,320,14,2.0,0.05000000074505806,ECreatureTemperament::AttackOnSight,0,0,0,0,0.1,0.0,0,0.0,0,0,0,0,0,0,0,0,1.0,15,0,500.0,0.5,400,45.0,45.0,38.0
TrapjawAnt2,75,8,0.0,1,320,20,2.0,0.05000000074505806,ECreatureTemperament::AttackOnSight,0,0,0,0,0.1,0.0,0,0.0,0,0,0,0,0,0,0,0,1.0,15,0,500.0,0.5,400,50.0,50.0,43.0
TrapjawAnt3,90,11,0.0,1,320,24,2.0,0.05000000074505806,ECreatureTemperament::AttackOnSight,0,0,0,0,0.1,0.0,0,0.0,0,0,0,0,0,0,0,0,1.0,15,0,500.0,0.5,400,55.0,55.0,48.0
WhipSpider1,12000.0,40.0,0.0,1.0,450.0,1250.0,1.0,1.0,ECreatureTemperament::AttackOnSight,0.0,0.0,0.0,0.0,0.0,0.0,0.4000000059604645,0.6000000238418579,0.0,0,0,0,0,0,0,0,1.0,15,812,1500.0,0.5,800.0,160.0,150.0,90.0
WhipSpider2,16000.0,40.0,0.0,1.0,450.0,1250.0,1.0,1.0,ECreatureTemperament::AttackOnSight,0.0,0.0,0.0,0.0,0.0,0.0,0.4000000059604645,0.6000000238418579,0.0,0,0,0,0,0,0,0,1.0,15,812,1500.0,0.5,800.0,160.0,150.0,90.0
WhipSpider3,22000.0,40.0,0.0,1.0,450.0,1250.0,1.0,1.0,ECreatureTemperament::AttackOnSight,0.0,0.0,0.0,0.0,0.0,0.0,0.4000000059604645,0.6000000238418579,0.0,0,0,0,0,0,0,0,1.0,15,812,1500.0,0.5,800.0,160.0,150.0,90.0
WhipSpiderling1,1800.0,25.0,0.0,1.0,300.0,450.0,1.0,1.0,ECreatureTemperament::AttackOnSight,0.0,0.30000001192092896,0.0,0.0,0.0,0.0,0.20000000298023224,0.20000000298023224,0.0,0,0,0,0,0,0,0,1.0,15,97,500.0,0.5,600.0,70.0,65.0,50.0
WhipSpiderling_Small1,150.0,6.0,0.0,1.0,250.0,55.0,1.0,1.0,ECreatureTemperament::AttackOnSight,0.0,0.0,0.0,0.0,0.0,0.0,0.20000000298023224,0.20000000298023224,0.0,0,0,0,0,0,0,0,1.0,15,12,500.0,0.5,600.0,40.0,30.0,35.0
HarvestmansLeg1,200.0,1.0,0.0,0.5,150.0,5.0,0.0,0.0,ECreatureTemperament::DoNotAttack,0.0,0.0,0.0,0.0,0.0,0.0,0.0,0.0,0.0,0,0,0,0,0,0,0,1.0,15,0,500.0,0.5,100.0,50.0,45.0,35.0
LeafcutterQueen1,1200.0,1.0,0.0,1.0,0.0,700.0,0.0,0.0,ECreatureTemperament::AttackOnSight,0.4000000059604645,0.4000000059604645,0.0,0.0,1.0,25.0,0.0,0.0,0.0,0,0,0,0,0,0,0,1.0,15,0,0.0,0.5,150.0,80.0,100.0,105.0
UberJumpingSpider1,8500.0,10.0,0.0,1.600000023841858,1200.0,3000.0,0.0,0.0,ECreatureTemperament::AttackWhenFavorable,0.0,0.699999988079071,0.0,0.0,0.0,0.0,0.0,0.0,0.0,0,0,0,0,0,0,0,1.0,15,3000,500.0,0.5,700.0,80.0,75.0,56.0
UberPM1,12500.0,410.0,0.0,1.399999976158142,600.0,3000.0,1.0,1.0,ECreatureTemperament::AttackWhenFavorable,0.10000000149011612,0.4000000059604645,0.0,0.0,0.0,6.0,0.30000001192092896,0.0,0.0,0,0,0,0,0,0,0,1.0,15,3000,500.0,0.5,1200.0,80.0,75.0,56.0
UberWhipSpiderling1,12500.0,210.0,0.0,1.600000023841858,300.0,3000.0,1.0,1.0,ECreatureTemperament::AttackOnSight,0.0,0.6000000238418579,0.800000011920929,0.0,0.0,0.0,0.20000000298023224,0.20000000298023224,0.0,0,0,0,0,0,0,0,1.0,15,3000,500.0,0.5,600.0,80.0,75.0,56.0
UberSpinyDevil1,10000.0,12.0,0.0,1.0,550.0,3000.0,1.0,1.0,ECreatureTemperament::AttackOnSight,0.30000001192092896,0.10000000149011612,0.0,0.0,0.0,0.0,0.20000000298023224,0.4000000059604645,0.0,0,0,0,0,0,0,0,1.0,15,3000,800.0,0.5,600.0,80.0,75.0,56.0
FireAntPervasive1,30.0,1.5,0.0,1.0,320.0,7.0,2.0,0.05000000074505806,ECreatureTemperament::AttackOnSight,0.0,0.10000000149011612,0.0,0.0,0.10000000149011612,0.0,0.0,0.0,0.0,0,0,0,0,0,0,0,1.0,15,0,500.0,0.5,400.0,28.0,20.0,25.0
FireAntPervasive2,45.0,2.0,0.0,1.0,320.0,10.0,2.0,0.05000000074505806,ECreatureTemperament::AttackOnSight,0.0,0.10000000149011612,0.0,0.0,0.10000000149011612,0.0,0.0,0.0,0.0,0,0,0,0,0,0,0,1.0,15,0,500.0,0.5,400.0,30.0,22.0,27.0
FireAntPervasive3,50.0,2.200000047683716,0.0,1.0,320.0,12.0,2.0,0.05000000074505806,ECreatureTemperament::AttackOnSight,0.0,0.10000000149011612,0.0,0.0,0.10000000149011612,0.0,0.0,0.0,0.0,0,0,0,0,0,0,0,1.0,15,0,500.0,0.5,400.0,32.0,24.0,29.0
FireAntVigorous1,30.0,1.5,0.0,1.0,320.0,7.0,2.0,0.05000000074505806,ECreatureTemperament::AttackOnSight,0.0,0.10000000149011612,0.0,0.0,0.10000000149011612,0.0,0.0,0.0,0.0,0,0,0,0,0,0,0,1.0,15,0,500.0,0.5,400.0,28.0,20.0,25.0
FireAntVigorous2,45.0,2.0,0.0,1.0,320.0,10.0,2.0,0.05000000074505806,ECreatureTemperament::AttackOnSight,0.0,0.10000000149011612,0.0,0.0,0.10000000149011612,0.0,0.0,0.0,0.0,0,0,0,0,0,0,0,1.0,15,0,500.0,0.5,400.0,30.0,22.0,27.0
FireAntVigorous3,50.0,2.200000047683716,0.0,1.0,320.0,12.0,2.0,0.05000000074505806,ECreatureTemperament::AttackOnSight,0.0,0.10000000149011612,0.0,0.0,0.10000000149011612,0.0,0.0,0.0,0.0,0,0,0,0,0,0,0,1.0,15,0,500.0,0.5,400.0,32.0,24.0,29.0
FireAntQueen1,500.0,1.0,0.0,1.0,0.0,700.0,0.0,0.0,ECreatureTemperament::AttackOnSight,0.5,0.5,0.0,0.0,1.0,25.0,0.0,0.0,0.0,0,0,0,0,0,0,0,1.0,15,0,0.0,0.5,150.0,35.0,27.0,34.0
FireAntWorker1,15.0,0.800000011920929,0.0,1.0,300.0,2.0,2.0,0.05000000074505806,ECreatureTemperament::AttackOnSight,0.0,0.0,0.0,0.0,0.10000000149011612,0.0,0.0,0.0,0.0,0,0,0,0,0,0,0,5.0,15,0,500.0,0.5,400.0,21.0,15.0,18.0
FireAntWorker2,25.0,1.0,0.0,1.0,340.0,4.0,4.0,0.05000000074505806,ECreatureTemperament::AttackOnSight,0.0,0.0,0.0,0.0,0.10000000149011612,0.0,0.0,0.0,0.0,0,0,0,0,0,0,0,5.0,15,0,500.0,0.5,400.0,22.0,17.0,20.0
FireAntWorker3,35.0,1.2000000476837158,0.0,1.0,380.0,5.0,6.0,0.05000000074505806,ECreatureTemperament::AttackOnSight,0.0,0.0,0.0,0.0,0.10000000149011612,0.0,0.0,0.0,0.0,0,0,0,0,0,0,0,5.0,15,0,500.0,0.5,400.0,24.0,18.0,22.0
BigHeadedMinor1,25.0,2.0,0.0,1.0,300.0,2.0,2.0,0.05000000074505806,ECreatureTemperament::AttackOnSight,0.0,0.0,0.0,0.0,0.10000000149011612,0.0,0.0,0.0,0.0,0,0,0,0,0,0,0,5.0,15,0,500.0,0.5,400.0,21.0,15.0,18.0
BigHeadedMinor2,35.0,3.0,0.0,1.100000023841858,310.0,4.0,4.0,0.05000000074505806,ECreatureTemperament::AttackOnSight,0.0,0.0,0.0,0.0,0.10000000149011612,0.0,0.0,0.0,0.0,0,0,0,0,0,0,0,5.0,15,0,500.0,0.5,400.0,22.0,17.0,20.0
BigHeadedMinor3,40.0,4.0,0.0,1.2000000476837158,320.0,5.0,6.0,0.05000000074505806,ECreatureTemperament::AttackOnSight,0.0,0.0,0.0,0.0,0.10000000149011612,0.0,0.0,0.0,0.0,0,0,0,0,0,0,0,5.0,15,0,500.0,0.5,400.0,24.0,18.0,22.0
BigHeadedMajor1,25.0,2.200000047683716,0.0,1.0,300.0,6.0,2.0,0.05000000074505806,ECreatureTemperament::AttackOnSight,0.0,0.0,0.0,0.0,0.10000000149011612,0.0,0.20000000298023224,0.0,0.0,0,0,0,0,0,0,0,1.0,15,0,500.0,0.5,400.0,21.0,15.0,18.0
BigHeadedMajor2,40.0,3.0999999046325684,0.0,1.0,300.0,10.0,2.0,0.05000000074505806,ECreatureTemperament::AttackOnSight,0.0,0.0,0.0,0.0,0.10000000149011612,0.0,0.20000000298023224,0.0,0.0,0,0,0,0,0,0,0,1.0,17,0,500.0,0.5,400.0,22.0,17.0,20.0
BigHeadedMajor3,55.0,3.700000047683716,0.0,1.2999999523162842,300.0,15.0,2.0,0.05000000074505806,ECreatureTemperament::AttackOnSight,0.0,0.0,0.0,0.0,0.10000000149011612,0.0,0.20000000298023224,0.0,0.0,0,0,0,0,0,0,0,1.0,20,0,500.0,0.5,400.0,24.0,18.0,22.0
BigHeadedSuperSoldier1,90.0,3.0,0.30000001192092896,2.5,380.0,40.0,2.0,0.05000000074505806,ECreatureTemperament::AttackOnSight,0.0,0.0,0.0,0.4000000059604645,0.10000000149011612,0.0,0.0,0.0,0.0,0,0,0,0,0,0,0,1.0,16,0,500.0,0.5,600.0,28.0,20.0,25.0
BigHeadedSuperSoldier2,130.0,5.0,0.30000001192092896,2.5,380.0,60.0,2.0,0.05000000074505806,ECreatureTemperament::AttackOnSight,0.0,0.0,0.0,0.4000000059604645,0.10000000149011612,0.0,0.0,0.0,0.0,0,0,0,0,0,0,0,1.0,16,0,500.0,0.5,600.0,30.0,22.0,27.0
BigHeadedSuperSoldier3,170.0,7.0,0.30000001192092896,2.5,380.0,80.0,2.0,0.05000000074505806,ECreatureTemperament::AttackOnSight,0.0,0.0,0.0,0.4000000059604645,0.10000000149011612,0.0,0.0,0.0,0.0,0,0,0,0,0,0,0,1.0,16,0,500.0,0.5,600.0,32.0,24.0,29.0
LittleBlackAnt1,25,1.5,0.0,1,300,5,2.0,0.05000000074505806,ECreatureTemperament::AttackOnSight,0,0,0,0,0.1,0.0,0,0.0,0.2,0,0,0,0,0,0,0,1.0,15,0,500.0,0.5,400,55.0,47.0,40.0
LittleBlackAnt2,30,2,0.0,1,300,7,2.0,0.05000000074505806,ECreatureTemperament::AttackOnSight,0,0,0,0,0.1,0.0,0,0.0,0.2,0,0,0,0,0,0,0,1.0,15,0,500.0,0.5,400,65.0,52.0,45.0
LittleBlackAnt3,40,3,0.0,1.66667,300,10,2.0,0.05000000074505806,ECreatureTemperament::AttackOnSight,0,0,0,0,0.1,0.0,0,0.0,0.2,0,0,0,0,0,0,0,1.0,15,0,500.0,0.5,400,70.0,57.0,50.0
WaspMantidfly1,350.0,30.0,0.0,1.2999999523162842,400.0,170.0,1.0,1.0,ECreatureTemperament::AttackWhenFavorable,0.0,0.0,0.0,0.0,0.0,0.0,0.0,0.20000000298023224,0.0,0,0,0,0,0,0,0,1.0,15,37,500.0,0.5,800.0,95.0,80.0,53.0
SSTigerBeetle1,650.0,45.0,0.0,1.0,800.0,230.0,1.0,1.0,ECreatureTemperament::AttackOnSight,0.0,0.0,0.0,0.0,0.0,0.0,0.0,0.4000000059604645,0.0,0,0,0,0,0,0,0,1.0,15,50,1500.0,0.5,600.0,75.0,60.0,53.0
SSTigerBeetleSmall1,200.0,20.0,0.0,1.0,600.0,100.0,1.0,1.0,ECreatureTemperament::AttackOnSight,0.0,0.0,0.0,0.0,0.0,0.0,0.0,0.20000000298023224,0.0,0,0,0,0,0,0,0,1.0,15,22,1500.0,0.5,600.0,70.0,65.0,50.0
RedVelvetAnt1,900.0,5.0,0.0,1.0,400.0,300.0,1.0,1.0,ECreatureTemperament::AttackWhenFavorable,0.0,0.0,0.0,0.0,0.0,0.0,0.0,0.20000000298023224,0.0,0,0,0,0,0,0,0,1.0,15,65,600.0,0.5,400.0,70.0,65.0,50.0
CheckeredBeetle1,350.0,18.0,0.0,1.0,350.0,120.0,1.0,1.0,ECreatureTemperament::AttackOnSight,0.0,0.0,0.0,0.0,0.0,0.0,0.0,0.20000000298023224,0.0,0,0,0,0,0,0,0,1.0,15,28,1500.0,0.5,600.0,70.0,65.0,50.0
CheckeredBeetleLarva1,50.0,10.0,0.0,1.0,130.0,25.0,0.0,0.0,ECreatureTemperament::AttackOnSight,0.0,0.0,0.0,0.0,0.0,0.0,0.0,0.20000000298023224,0.0,0,0,0,0,0,0,0,1.0,15,6,500.0,0.5,400.0,40.0,30.0,35.0
BombardierBeetle1,320.0,7.0,0.0,1.0,220.0,100.0,1.0,1.0,ECreatureTemperament::AttackOnSight,0.10000000149011612,0.10000000149011612,0.0,0.0,0.0,0.0,0.0,0.20000000298023224,0.0,0,0,0,0,0,0,0,1.0,15,22,900.0,0.5,600.0,70.0,65.0,50.0
FalseBombardierBeetle1,600.0,22.0,0.0,1.0,410.0,180.0,50.0,0.699999988079071,ECreatureTemperament::AttackOnSight,0.0,0.20000000298023224,0.0,0.0,0.0,0.0,0.0,0.4000000059604645,0.0,0,0,0,0,0,0,0,1.0,15,40,1200.0,0.5,600.0,75.0,60.0,53.0
FBBLarva1,300.0,9.0,0.0,1.0,150.0,70.0,50.0,0.699999988079071,ECreatureTemperament::AttackOnSight,0.0,0.10000000149011612,0.0,0.0,0.0,0.0,0.0,0.0,0.0,0,0,0,0,0,0,0,1.0,15,15,600.0,0.5,600.0,40.0,30.0,35.0
GreatBlueSkimmer1,8000.0,90.0,0.0,1.0,350.0,750.0,1.0,1.0,ECreatureTemperament::AttackOnSight,0.0,0.0,0.0,0.0,0.0,0.0,0.0,0.6000000238418579,0.0,0,0,0,0,0,0,0,1.0,15,500,1500.0,0.5,1200.0,70.0,65.0,50.0
GreatBlueSkimmer2,10000.0,90.0,0.0,1.0,350.0,750.0,1.0,1.0,ECreatureTemperament::AttackOnSight,0.0,0.0,0.0,0.0,0.0,0.0,0.0,0.6000000238418579,0.0,0,0,0,0,0,0,0,1.0,15,500,1500.0,0.5,1200.0,70.0,65.0,50.0
GreatBlueSkimmer3,12000.0,90.0,0.0,1.0,350.0,750.0,1.0,1.0,ECreatureTemperament::AttackOnSight,0.0,0.0,0.0,0.0,0.0,0.0,0.0,0.6000000238418579,0.0,0,0,0,0,0,0,0,1.0,15,500,1500.0,0.5,1200.0,70.0,65.0,50.0
AmericanBullfrog1,30000.0,15.0,0.0,1.0,400.0,1850.0,1.0,1.0,ECreatureTemperament::AttackOnSight,0.0,0.0,0.0,0.0,0.0,0.0,0.0,0.6000000238418579,0.0,0,0,0,0,0,0,0,1.0,15,1200,1500.0,0.5,1800.0,800.0,600.0,300.0
AmericanBullfrog2,36000.0,15.0,0.0,1.0,400.0,1850.0,1.0,1.0,ECreatureTemperament::AttackOnSight,0.0,0.0,0.0,0.0,0.0,0.0,0.0,0.6000000238418579,0.0,0,0,0,0,0,0,0,1.0,15,1200,1500.0,0.5,1800.0,800.0,600.0,300.0
AmericanBullfrog3,48000.0,15.0,0.0,1.0,400.0,1850.0,1.0,1.0,ECreatureTemperament::AttackOnSight,0.0,0.0,0.0,0.0,0.0,0.0,0.0,0.6000000238418579,0.0,0,0,0,0,0,0,0,1.0,15,1200,1500.0,0.5,1800.0,800.0,600.0,300.0
GreenLynxSpider1,1300.0,72.0,0.0,1.0,700.0,480.0,0.0,0.0,ECreatureTemperament::AttackOnSight,0.0,0.0,0.0,0.0,0.0,0.0,0.0,0.20000000298023224,0.0,0,0,0,0,0,0,0,1.0,15,105,700.0,0.5,700.0,85.0,70.0,63.0
GreenJumperSpider1,60.0,18.0,0.0,1.0,450.0,40.0,0.0,0.0,ECreatureTemperament::AttackOnSight,0.0,0.0,0.0,0.0,0.0,0.0,0.0,0.0,0.0,0,0,0,0,0,0,0,1.0,15,12,500.0,0.5,700.0,40.0,30.0,45.0
FishingSpider1,500.0,18.0,0.0,1.0,1100.0,150.0,0.0,0.0,ECreatureTemperament::AttackOnSight,0.0,0.0,0.0,0.0,0.0,0.0,0.0,0.6000000238418579,0.0,0,0,0,0,0,0,0,1.0,15,30,500.0,0.5,600.0,45.0,40.0,33.0
FishingSpider2,700.0,35.0,0.0,1.399999976158142,1150.0,210.0,0.0,0.0,ECreatureTemperament::AttackOnSight,0.0,0.10000000149011612,0.0,0.0,0.0,0.0,0.0,0.6000000238418579,0.0,0,0,0,0,0,0,0,1.0,15,40,500.0,0.5,600.0,60.0,50.0,43.0
FishingSpider3,950.0,55.0,0.0,1.399999976158142,1200.0,330.0,0.0,0.0,ECreatureTemperament::AttackOnSight,0.0,0.20000000298023224,0.0,0.0,0.0,0.0,0.0,0.6000000238418579,0.0,0,0,0,0,0,0,0,1.0,15,60,500.0,0.5,600.0,75.0,60.0,53.0
TreeFrog1,400.0,45.0,0.0,1.0,250.0,240.0,1.0,1.0,ECreatureTemperament::AttackOnSight,0.10000000149011612,0.25,0.0,0.0,0.0,0.0,0.0,0.30000001192092896,0.0,0,0,0,0,0,0,0,1.0,15,52,800.0,0.5,700.0,120.0,115.0,70.0
NarrowMouthedToad1,650.0,52.0,0.0,1.2999999523162842,230.0,380.0,50.0,0.699999988079071,ECreatureTemperament::AttackOnSight,0.10000000149011612,0.25,0.0,0.0,0.0,0.0,0.0,0.30000001192092896,0.0,0,0,0,0,0,0,0,1.0,15,76,800.0,0.5,700.0,95.0,80.0,53.0
DwarfSalamander1,440.0,22.0,0.0,1.0,650.0,170.0,50.0,0.699999988079071,ECreatureTemperament::AttackOnSight,0.0,0.0,0.0,0.0,0.0,0.0,0.0,0.0,0.0,0,0,0,0,0,0,0,1.0,15,35,500.0,0.5,1200.0,110.0,100.0,53.0
EasternNewt1,520.0,28.0,0.0,1.0,700.0,320.0,1.0,1.0,ECreatureTemperament::AttackOnSight,0.0,0.25,0.0,0.0,0.0,0.0,0.0,0.0,0.0,0,0,0,0,0,0,0,1.0,15,71,500.0,0.5,1200.0,95.0,80.0,53.0
MatabeleQueen1,1200.0,1.0,0.0,1.0,0.0,700.0,0.0,0.0,ECreatureTemperament::AttackOnSight,0.4000000059604645,0.4000000059604645,0.0,0.0,1.0,25.0,0.0,0.0,0.0,0,0,0,0,0,0,0,1.0,15,0,0.0,0.5,150.0,80.0,100.0,105.0
MatabeleWorker1,25.0,0.6000000238418579,0.0,1.0,320.0,5.0,2.0,0.05000000074505806,ECreatureTemperament::AttackOnSight,0.0,0.0,0.0,0.0,0.0,0.0,0.0,0.0,0.0,0,0,0,0,0,0,0,1.0,7,0,500.0,0.5,400.0,28.0,20.0,25.0
MatabeleWorker2,35.0,0.800000011920929,0.0,1.0,360.0,8.0,4.0,0.05000000074505806,ECreatureTemperament::AttackOnSight,0.0,0.0,0.0,0.0,0.0,0.0,0.0,0.0,0.0,0,0,0,0,0,0,0,1.0,8,0,500.0,0.5,400.0,30.0,22.0,27.0
MatabeleWorker3,45.0,1.0,0.0,1.0,380.0,12.0,6.0,0.05000000074505806,ECreatureTemperament::AttackOnSight,0.0,0.0,0.0,0.0,0.0,0.0,0.0,0.0,0.0,0,0,0,0,0,0,0,1.0,9,0,500.0,0.5,400.0,32.0,24.0,29.0
MatabeleMedicAnesthetist1,90.0,3.0,0.0,1.0,320.0,14.0,2.0,7.0,ECreatureTemperament::AttackOnSight,0.0,0.0,0.0,0.0,0.10000000149011612,0.0,0.0,0.0,0.0,0,0,0,0,0,0,0,1.0,15,0,500.0,0.5,400.0,40.0,30.0,35.0
MatabeleMedicAnesthetist2,105.0,4.5,0.0,1.0,320.0,16.0,2.0,7.0,ECreatureTemperament::AttackOnSight,0.0,0.0,0.0,0.0,0.10000000149011612,0.0,0.0,0.0,0.0,0,0,0,0,0,0,0,1.0,17,0,500.0,0.5,400.0,42.0,32.0,37.0
MatabeleMedicAnesthetist3,120.0,6.0,0.0,1.0,320.0,18.0,2.0,7.0,ECreatureTemperament::AttackOnSight,0.0,0.0,0.0,0.0,0.10000000149011612,0.0,0.0,0.0,0.0,0,0,0,0,0,0,0,1.0,20,0,500.0,0.5,400.0,44.0,34.0,39.0
MatabeleMedicFastResponder1,90.0,3.0,0.0,1.0,400.0,14.0,2.0,4.0,ECreatureTemperament::AttackOnSight,0.0,0.0,0.0,0.0,0.10000000149011612,0.0,0.0,0.0,0.0,0,0,0,0,0,0,0,1.0,15,0,500.0,0.5,400.0,40.0,30.0,35.0
MatabeleMedicFastResponder2,105.0,4.5,0.0,1.0,410.0,16.0,2.0,3.0,ECreatureTemperament::AttackOnSight,0.0,0.0,0.0,0.0,0.10000000149011612,0.0,0.0,0.0,0.0,0,0,0,0,0,0,0,1.0,17,0,500.0,0.5,400.0,42.0,32.0,37.0
MatabeleMedicFastResponder3,120.0,6.0,0.0,1.0,420.0,18.0,2.0,2.0,ECreatureTemperament::AttackOnSight,0.0,0.0,0.0,0.4000000059604645,0.10000000149011612,0.0,0.0,0.0,0.0,0,0,0,0,0,0,0,1.0,20,0,500.0,0.5,400.0,44.0,34.0,39.0
MatabeleSoldier1,200.0,12.0,0.30000001192092896,1.0,340.0,30.0,2.0,0.05000000074505806,ECreatureTemperament::AttackOnSight,0.0,0.0,0.0,0.0,0.10000000149011612,0.0,0.0,0.0,0.0,0,0,0,0,0,0,0,1.0,16,0,500.0,0.5,450.0,60.0,50.0,42.0
MatabeleSoldier2,220.0,15.0,0.30000001192092896,1.0,340.0,42.0,2.0,0.05000000074505806,ECreatureTemperament::AttackOnSight,0.0,0.0,0.0,0.0,0.10000000149011612,0.0,0.0,0.0,0.0,0,0,0,0,0,0,0,1.0,16,0,500.0,0.5,460.0,62.0,52.0,43.0
MatabeleSoldier3,300.0,19.0,0.30000001192092896,1.0,340.0,54.0,2.0,0.05000000074505806,ECreatureTemperament::AttackOnSight,0.0,0.0,0.0,0.0,0.10000000149011612,0.0,0.0,0.0,0.0,0,0,0,0,0,0,0,1.0,16,0,500.0,0.5,470.0,64.0,54.0,44.0
TermiteQueen1,1400.0,1.0,0.0,1.0,0.0,700.0,0.0,0.0,ECreatureTemperament::AttackOnSight,0.5,0.5,0.0,0.0,1.0,25.0,0.0,0.0,0.0,0,0,0,0,0,0,0,1.0,15,800,0.0,0.5,150.0,80.0,100.0,105.0
YungTermiteQueen1,250.0,15.0,0.0,0.6000000238418579,300.0,18.0,2.0,0.05000000074505806,ECreatureTemperament::AttackOnSight,0.0,0.0,0.0,0.0,0.10000000149011612,0.0,0.20000000298023224,0.0,0.0,0,0,0,0,0,0,0,1.0,20,100,500.0,0.5,400.0,44.0,34.0,39.0
TermiteKing1,150.0,5.0,0.0,1.7999999523162842,300.0,18.0,2.0,0.05000000074505806,ECreatureTemperament::AttackOnSight,0.0,0.0,0.0,0.0,0.10000000149011612,0.0,0.20000000298023224,0.0,0.0,0,0,0,0,0,0,0,1.0,20,50,500.0,0.5,1300.0,44.0,34.0,39.0
TermiteWorker1,30.0,1.0,0.0,1.0,300.0,5.0,2.0,0.05000000074505806,ECreatureTemperament::AttackOnSight,0.0,0.0,0.0,0.0,0.10000000149011612,0.0,0.0,0.0,0.0,0,0,0,0,0,0,0,1.0,4,20,500.0,0.5,400.0,28.0,20.0,25.0
TermiteWorker2,45.0,2.0,0.0,1.0,320.0,8.0,4.0,0.05000000074505806,ECreatureTemperament::AttackOnSight,0.0,0.0,0.0,0.0,0.10000000149011612,0.0,0.0,0.0,0.0,0,0,0,0,0,0,0,1.0,5,22,500.0,0.5,400.0,30.0,22.0,27.0
TermiteWorker3,60.0,3.0,0.0,1.0,340.0,12.0,6.0,0.05000000074505806,ECreatureTemperament::AttackOnSight,0.0,0.0,0.0,0.0,0.10000000149011612,0.0,0.0,0.0,0.0,0,0,0,0,0,0,0,1.0,6,24,500.0,0.5,400.0,32.0,24.0,29.0
TermiteMajorWorker1,40.0,1.0,0.0,1.0,300.0,5.0,2.0,0.05000000074505806,ECreatureTemperament::AttackOnSight,0.0,0.0,0.0,0.0,0.10000000149011612,0.0,0.0,0.0,0.0,0,0,0,0,0,0,0,1.0,15,24,500.0,0.5,400.0,28.0,20.0,25.0
TermiteMajorWorker2,55.0,2.0,0.0,1.0,340.0,8.0,4.0,0.05000000074505806,ECreatureTemperament::AttackOnSight,0.0,0.0,0.0,0.0,0.10000000149011612,0.0,0.0,0.0,0.0,0,0,0,0,0,0,0,1.0,30,26,500.0,0.5,400.0,30.0,22.0,27.0
TermiteMajorWorker3,70.0,3.0,0.0,1.0,380.0,12.0,6.0,0.05000000074505806,ECreatureTemperament::AttackOnSight,0.0,0.0,0.0,0.0,0.10000000149011612,0.0,0.0,0.0,0.0,0,0,0,0,0,0,0,1.0,45,28,500.0,0.5,400.0,32.0,24.0,29.0
TermiteSoldier1,70.0,3.0,0.0,1.0,300.0,12.0,2.0,0.05000000074505806,ECreatureTemperament::AttackOnSight,0.0,0.0,0.0,0.0,0.10000000149011612,0.0,0.20000000298023224,0.0,0.0,0,0,0,0,0,0,0,1.0,6,24,500.0,0.5,400.0,40.0,30.0,35.0
TermiteSoldier2,80.0,4.0,0.0,1.0,300.0,16.0,2.0,0.05000000074505806,ECreatureTemperament::AttackOnSight,0.0,0.0,0.0,0.0,0.10000000149011612,0.0,0.20000000298023224,0.0,0.0,0,0,0,0,0,0,0,1.0,8,26,500.0,0.5,400.0,42.0,32.0,37.0
TermiteSoldier3,90.0,5.0,0.0,1.0,300.0,20.0,2.0,0.05000000074505806,ECreatureTemperament::AttackOnSight,0.0,0.0,0.0,0.0,0.10000000149011612,0.0,0.20000000298023224,0.0,0.0,0,0,0,0,0,0,0,1.0,10,28,500.0,0.5,400.0,44.0,34.0,39.0
TermiteMajorSoldier1,140.0,5.0,0.30000001192092896,1.0,300.0,22.0,2.0,0.05000000074505806,ECreatureTemperament::AttackOnSight,0.0,0.0,0.0,0.0,0.10000000149011612,0.0,0.20000000298023224,0.0,0.0,0,0,0,0,0,0,0,1.0,8,26,500.0,0.5,400.0,40.0,30.0,35.0
TermiteMajorSoldier2,160.0,6.0,0.30000001192092896,1.0,300.0,27.0,2.0,0.05000000074505806,ECreatureTemperament::AttackOnSight,0.0,0.0,0.0,0.0,0.10000000149011612,0.0,0.20000000298023224,0.0,0.0,0,0,0,0,0,0,0,1.0,10,28,500.0,0.5,400.0,42.0,32.0,37.0
TermiteMajorSoldier3,190.0,7.0,0.30000001192092896,1.0,300.0,29.0,2.0,0.05000000074505806,ECreatureTemperament::AttackOnSight,0.0,0.0,0.0,0.0,0.10000000149011612,0.0,0.20000000298023224,0.0,0.0,0,0,0,0,0,0,0,1.0,12,30,500.0,0.5,400.0,44.0,34.0,39.0
DriverAntWorker1,20.0,0.800000011920929,0.0,1.0,300.0,2.0,2.0,0.05000000074505806,ECreatureTemperament::AttackOnSight,0.0,0.0,0.0,0.0,0.10000000149011612,0.0,0.0,0.0,0.0,0,0,0,0,0,0,0,1.0,7,0,500.0,0.5,400.0,28.0,20.0,25.0
DriverAntWorker2,30.0,1.399999976158142,0.0,1.100000023841858,300.0,5.0,4.0,0.05000000074505806,ECreatureTemperament::AttackOnSight,0.0,0.0,0.0,0.0,0.10000000149011612,0.0,0.0,0.0,0.0,0,0,0,0,0,0,0,1.0,8,0,500.0,0.5,400.0,30.0,22.0,27.0
DriverAntWorker3,40.0,1.7999999523162842,0.0,1.2999999523162842,300.0,7.0,6.0,0.05000000074505806,ECreatureTemperament::AttackOnSight,0.0,0.0,0.0,0.0,0.10000000149011612,0.0,0.0,0.0,0.0,0,0,0,0,0,0,0,1.0,9,0,500.0,0.5,400.0,32.0,24.0,29.0
DriverAntSoldier1,85.0,5.0,0.0,1.0,310.0,25.0,2.0,0.05000000074505806,ECreatureTemperament::AttackOnSight,0.0,0.0,0.0,0.0,0.10000000149011612,0.0,0.20000000298023224,0.0,0.0,0,0,0,0,0,0,0,1.0,15,0,500.0,0.5,400.0,40.0,30.0,35.0
DriverAntSoldier2,100.0,5.800000190734863,0.0,1.0,310.0,27.0,2.0,0.05000000074505806,ECreatureTemperament::AttackOnSight,0.0,0.0,0.0,0.0,0.10000000149011612,0.0,0.20000000298023224,0.0,0.0,0,0,0,0,0,0,0,1.0,17,0,500.0,0.5,400.0,42.0,32.0,37.0
DriverAntSoldier3,130.0,6.400000095367432,0.0,1.0,310.0,37.0,2.0,0.05000000074505806,ECreatureTemperament::AttackOnSight,0.0,0.0,0.0,0.0,0.10000000149011612,0.0,0.20000000298023224,0.0,0.0,0,0,0,0,0,0,0,1.0,20,0,500.0,0.5,400.0,44.0,34.0,39.0
DriverAntLargeSoldier1,140.0,15.0,0.30000001192092896,1.0,320.0,40.0,2.0,0.05000000074505806,ECreatureTemperament::AttackOnSight,0.0,0.0,0.0,0.0,0.10000000149011612,0.0,0.0,0.0,0.0,0,0,0,0,0,0,0,1.0,16,0,500.0,0.5,450.0,60.0,50.0,42.0
DriverAntLargeSoldier2,180.0,17.0,0.30000001192092896,1.0,320.0,60.0,2.0,0.05000000074505806,ECreatureTemperament::AttackOnSight,0.0,0.0,0.0,0.0,0.10000000149011612,0.0,0.0,0.0,0.0,0,0,0,0,0,0,0,1.0,16,0,500.0,0.5,460.0,62.0,52.0,43.0
DriverAntLargeSoldier3,240.0,25.0,0.30000001192092896,1.0,320.0,100.0,2.0,0.05000000074505806,ECreatureTemperament::AttackOnSight,0.0,0.0,0.0,0.0,0.10000000149011612,0.0,0.0,0.0,0.0,0,0,0,0,0,0,0,1.0,16,0,500.0,0.5,470.0,64.0,54.0,44.0
StinkAnt1,350.0,18.0,0.0,1.0,340.0,30.0,2.0,0.05000000074505806,ECreatureTemperament::AttackOnSight,0.0,0.0,0.0,0.0,0.10000000149011612,0.0,0.0,0.0,0.0,0,0,0,0,0,0,0,1.0,16,0,500.0,0.5,450.0,60.0,50.0,42.0
StinkAnt2,450.0,25.0,0.0,1.0,340.0,42.0,2.0,0.05000000074505806,ECreatureTemperament::AttackOnSight,0.0,0.0,0.0,0.0,0.10000000149011612,0.0,0.0,0.0,0.0,0,0,0,0,0,0,0,1.0,16,0,500.0,0.5,460.0,62.0,52.0,43.0
StinkAnt3,500.0,30.0,0.0,1.0,340.0,54.0,2.0,0.05000000074505806,ECreatureTemperament::AttackOnSight,0.0,0.0,0.0,0.0,0.10000000149011612,0.0,0.0,0.0,0.0,0,0,0,0,0,0,0,1.0,16,0,500.0,0.5,470.0,64.0,54.0,44.0
EmperorScorpion1,30000.0,20.0,0.0,1.0,400.0,3000.0,1.0,1.0,ECreatureTemperament::AttackOnSight,0.0,0.10000000149011612,2.0,0.0,0.0,0.0,0.4000000059604645,0.6000000238418579,0.0,0,0,0,0,0,0,0,1.0,15,2000,1500.0,0.5,800.0,300.0,410.0,250.0
EmperorScorpion2,46000.0,35.0,0.0,1.0,400.0,3000.0,1.0,1.0,ECreatureTemperament::AttackOnSight,0.0,0.10000000149011612,2.0,0.0,0.0,0.0,0.4000000059604645,0.6000000238418579,0.0,0,0,0,0,0,0,0,1.0,15,2000,1500.0,0.5,800.0,300.0,410.0,250.0
EmperorScorpion3,58000.0,40.0,0.0,1.0,400.0,3000.0,1.0,1.0,ECreatureTemperament::AttackOnSight,0.0,0.10000000149011612,2.0,0.0,0.0,0.0,0.4000000059604645,0.6000000238418579,0.0,0,0,0,0,0,0,0,1.0,15,2000,1500.0,0.5,800.0,300.0,410.0,250.0
EmperorScorpion4,70000.0,45.0,0.0,1.0,400.0,3000.0,1.0,1.0,ECreatureTemperament::AttackOnSight,0.0,0.10000000149011612,2.0,0.0,0.0,0.0,0.4000000059604645,0.6000000238418579,0.0,0,0,0,0,0,0,0,1.0,15,2000,1500.0,0.5,800.0,300.0,410.0,250.0
EmperorScorpionJuvenile1,2100.0,30.0,0.0,1.0,340.0,530.0,1.0,1.0,ECreatureTemperament::AttackOnSight,0.0,0.10000000149011612,0.6000000238418579,0.0,0.0,0.0,0.20000000298023224,0.20000000298023224,0.0,0,0,0,0,0,0,0,1.0,15,115,500.0,0.5,600.0,160.0,150.0,90.0
EmperorScorpionJuvenile2,4200.0,30.0,0.0,1.0,340.0,530.0,1.0,1.0,ECreatureTemperament::AttackOnSight,0.0,0.10000000149011612,0.6000000238418579,0.0,0.0,0.0,0.20000000298023224,0.20000000298023224,0.0,0,0,0,0,0,0,0,1.0,15,115,500.0,0.5,600.0,160.0,150.0,90.0
EmperorScorpionJuvenile3,6300.0,30.0,0.0,1.0,340.0,530.0,1.0,1.0,ECreatureTemperament::AttackOnSight,0.0,0.10000000149011612,0.6000000238418579,0.0,0.0,0.0,0.20000000298023224,0.20000000298023224,0.0,0,0,0,0,0,0,0,1.0,15,115,500.0,0.5,600.0,160.0,150.0,90.0
AlligatorbackScorpion1,1900.0,27.0,0.0,1.0,330.0,360.0,1.0,1.0,ECreatureTemperament::AttackOnSight,0.0,0.10000000149011612,0.5,0.0,0.0,0.0,0.20000000298023224,0.20000000298023224,0.0,0,0,0,0,0,0,0,1.0,15,86,500.0,0.5,600.0,160.0,150.0,90.0
AlligatorbackScorpionJuvanile1,1100.0,16.0,0.0,1.0,300.0,180.0,1.0,1.0,ECreatureTemperament::AttackOnSight,0.0,0.10000000149011612,0.4000000059604645,0.0,0.0,0.0,0.20000000298023224,0.4000000059604645,0.0,0,0,0,0,0,0,0,1.0,15,43,800.0,0.5,600.0,100.0,95.0,80.0
SunSpider1,2400.0,58.0,0.0,1.0,1000.0,850.0,1.0,1.0,ECreatureTemperament::AttackOnSight,0.0,0.4000000059604645,0.0,0.0,0.0,0.0,0.4000000059604645,0.6000000238418579,0.0,0,0,0,0,0,0,0,1.0,15,450,1500.0,0.5,800.0,160.0,150.0,90.0
SunSpider2,3200.0,58.0,0.0,1.0,1000.0,850.0,1.0,1.0,ECreatureTemperament::AttackOnSight,0.0,0.4000000059604645,0.0,0.0,0.0,0.0,0.4000000059604645,0.6000000238418579,0.0,0,0,0,0,0,0,0,1.0,15,450,1500.0,0.5,800.0,160.0,150.0,90.0
SunSpider3,4000.0,58.0,0.0,1.0,1000.0,850.0,1.0,1.0,ECreatureTemperament::AttackOnSight,0.0,0.4000000059604645,0.0,0.0,0.0,0.0,0.4000000059604645,0.6000000238418579,0.0,0,0,0,0,0,0,0,1.0,15,450,1500.0,0.5,800.0,160.0,150.0,90.0
SunSpider4,4800.0,58.0,0.0,1.0,1000.0,850.0,1.0,1.0,ECreatureTemperament::AttackOnSight,0.0,0.4000000059604645,0.0,0.0,0.0,0.0,0.4000000059604645,0.6000000238418579,0.0,0,0,0,0,0,0,0,1.0,15,450,1500.0,0.5,800.0,160.0,150.0,90.0
SunSpiderJuvanile1,1300.0,42.0,0.0,0.8999999761581421,600.0,450.0,1.0,1.0,ECreatureTemperament::AttackOnSight,0.0,0.20000000298023224,0.0,0.0,0.0,0.0,0.20000000298023224,0.4000000059604645,0.0,0,0,0,0,0,0,0,1.0,15,100,800.0,0.5,600.0,85.0,70.0,63.0
TrapdoorSpider1,700.0,60.0,0.0,1.0,700.0,300.0,1.0,1.0,ECreatureTemperament::AttackOnSight,0.0,0.0,0.0,0.0,0.0,0.0,0.0,1.0,0.0,0,0,0,0,0,0,0,1.0,15,60,500.0,0.5,600.0,55.0,50.0,39.0
HuntsmanSpider1,750.0,80.0,0.0,1.5,1300.0,520.0,0.0,0.0,ECreatureTemperament::AttackOnSight,0.0,0.0,0.0,0.0,1.5,0.0,0.0,0.6000000238418579,0.0,0,0,0,0,0,0,0,1.0,15,100,500.0,0.5,1800.0,75.0,60.0,53.0
AssassinBug1,380.0,2.0,0.0,1.0,140.0,200.0,1.0,1.0,ECreatureTemperament::AttackWhenAttacked,0.0,0.0,0.0,0.0,0.0,0.0,0.0,0.4000000059604645,0.0,0,0,0,0,0,0,0,1.0,15,30,1500.0,0.5,600.0,75.0,60.0,53.0
AfricanTigerBeetle1,470.0,32.0,0.0,1.0,550.0,180.0,1.0,1.0,ECreatureTemperament::AttackOnSight,0.0,0.0,0.0,0.0,0.0,0.0,0.0,0.4000000059604645,0.0,0,0,0,0,0,0,0,1.0,15,43,1500.0,0.5,600.0,75.0,60.0,53.0
AfricanTigerBeetleSmall1,260.0,16.0,0.0,1.0,450.0,90.0,1.0,1.0,ECreatureTemperament::AttackOnSight,0.0,0.0,0.0,0.0,0.0,0.0,0.0,0.20000000298023224,0.0,0,0,0,0,0,0,0,1.0,15,21,1500.0,0.5,600.0,70.0,65.0,50.0
GiantAfricanMantisLarge1,7510.0,140.0,0.0,1.5,950.0,1450.0,1.0,1.0,ECreatureTemperament::AttackWhenFavorable,0.0,0.0,0.0,0.0,0.0,0.0,0.5,0.4000000059604645,0.0,0,0,0,0,0,0,0,1.0,15,324,500.0,0.5,2500.0,160.0,150.0,90.0
GiantAfricanMantis1,2800.0,90.0,0.0,1.399999976158142,750.0,620.0,1.0,1.0,ECreatureTemperament::AttackWhenFavorable,0.0,0.0,0.0,0.0,0.0,0.0,0.4000000059604645,0.0,0.0,0,0,0,0,0,0,0,1.0,15,140,500.0,0.5,1700.0,120.0,115.0,70.0
GiantAfricanMantisJuvenile1,860.0,75.0,0.0,1.2999999523162842,600.0,360.0,1.0,1.0,ECreatureTemperament::AttackWhenFavorable,0.0,0.0,0.0,0.0,0.0,0.0,0.30000001192092896,0.0,0.0,0,0,0,0,0,0,0,1.0,15,75,500.0,0.5,1200.0,95.0,80.0,53.0
AfricanGiantCentipede1,8640.0,30.0,0.0,1.2000000476837158,400.0,2000.0,1.0,1.0,ECreatureTemperament::AttackOnSight,0.30000001192092896,0.0,0.0,0.0,0.0,0.0,0.4000000059604645,0.6000000238418579,0.0,0,0,0,0,0,0,0,1.0,15,1300,1500.0,0.5,1500.0,160.0,150.0,90.0
AfricanGiantCentipede2,15360.0,40.0,0.0,1.2000000476837158,400.0,2000.0,1.0,1.0,ECreatureTemperament::AttackOnSight,0.30000001192092896,0.0,0.0,0.0,0.0,0.0,0.4000000059604645,0.6000000238418579,0.0,0,0,0,0,0,0,0,1.0,15,1300,1500.0,0.5,1500.0,160.0,150.0,90.0
AfricanGiantCentipede3,19200.0,40.0,0.0,1.2000000476837158,400.0,2000.0,1.0,1.0,ECreatureTemperament::AttackOnSight,0.30000001192092896,0.0,0.0,0.0,0.0,0.0,0.4000000059604645,0.6000000238418579,0.0,0,0,0,0,0,0,0,1.0,15,1300,1500.0,0.5,1500.0,160.0,150.0,90.0
AfricanGiantCentipede4,22720.0,40.0,0.0,1.2000000476837158,400.0,2000.0,1.0,1.0,ECreatureTemperament::AttackOnSight,0.30000001192092896,0.0,0.0,0.0,0.0,0.0,0.4000000059604645,0.6000000238418579,0.0,0,0,0,0,0,0,0,1.0,15,1300,1500.0,0.5,1500.0,160.0,150.0,90.0
AfricanGiantCentipedeJuvenile1,1250.0,45.0,0.0,1.0,300.0,450.0,1.0,1.0,ECreatureTemperament::AttackOnSight,0.30000001192092896,0.0,0.0,0.0,0.0,0.0,0.20000000298023224,0.20000000298023224,0.0,0,0,0,0,0,0,0,1.0,15,100,500.0,0.5,900.0,70.0,65.0,50.0
Earwig1,240.0,11.0,0.0,1.0,200.0,80.0,0.0,0.0,ECreatureTemperament::AttackOnSight,0.0,0.0,0.0,0.0,0.0,0.0,0.0,0.0,0.0,0,0,0,0,0,0,0,1.0,15,18,500.0,0.5,700.0,40.0,30.0,35.0
EarwigJuvenile1,62.0,9.0,0.0,1.0,200.0,37.0,1.0,1.0,ECreatureTemperament::AttackOnSight,0.0,0.0,0.0,0.0,0.0,0.0,0.0,0.0,0.0,0,0,0,0,0,0,0,1.0,15,9,500.0,0.5,600.0,40.0,30.0,35.0
EarwigBaby1,5.0,0.0,0.0,1.0,75.0,1.0,0.0,0.0,ECreatureTemperament::RetreatWhenAttacked,0.0,0.0,0.0,0.0,0.0,0.0,0.0,0.0,0.0,0,0,0,0,0,0,0,1.0,15,10,100.0,0.5,200.0,28.0,20.0,25.0
RainbowLizard1,1700.0,50.0,0.0,1.0,900.0,610.0,1.0,1.0,ECreatureTemperament::AttackOnSight,0.0,0.0,0.0,0.0,0.0,0.0,0.4000000059604645,0.6000000238418579,0.0,0,0,0,0,0,0,0,1.0,15,130,1500.0,0.5,1400.0,160.0,150.0,90.0
RainbowLizardJuvenile1,830.0,40.0,0.0,1.0,700.0,310.0,1.0,1.0,ECreatureTemperament::AttackOnSight,0.0,0.0,0.0,0.0,0.0,0.0,0.20000000298023224,0.4000000059604645,0.0,0,0,0,0,0,0,0,1.0,15,75,800.0,0.5,800.0,75.0,60.0,53.0
UberMoleCricket1,15000.0,15.0,0.0,3.0,600.0,4000.0,0.0,0.0,ECreatureTemperament::AttackOnSight,0.5,0.20000000298023224,0.0,0.0,0.0,0.0,0.0,0.30000001192092896,0.0,0,0,0,0,0,0,0,1.0,15,3000,600.0,0.5,600.0,80.0,75.0,56.0
SmallAttackPoint1,1.0,1.0,0.0,1.0,300.0,0.0,2.0,0.05000000074505806,ECreatureTemperament::AttackOnSight,0.0,0.0,0.0,0.0,0.0,0.0,0.0,0.0,0.0,0,0,0,0,0,0,0,1.0,15,0,500.0,0.5,400.0,50.0,50.0,50.0
MediumSmallAttackPoint1,1.0,1.0,0.0,1.0,300.0,0.0,2.0,0.05000000074505806,ECreatureTemperament::AttackOnSight,0.0,0.0,0.0,0.0,0.0,0.0,0.0,0.0,0.0,0,0,0,0,0,0,0,1.0,15,0,500.0,0.5,400.0,120.0,120.0,120.0
MediumAttackPoint1,1.0,1.0,0.0,1.0,300.0,0.0,2.0,0.05000000074505806,ECreatureTemperament::AttackOnSight,0.0,0.0,0.0,0.0,0.0,0.0,0.0,0.0,0.0,0,0,0,0,0,0,0,1.0,15,0,500.0,0.5,400.0,200.0,200.0,200.0
LargeAttackPoint1,1.0,1.0,0.0,1.0,300.0,0.0,2.0,0.05000000074505806,ECreatureTemperament::AttackOnSight,0.0,0.0,0.0,0.0,0.0,0.0,0.0,0.0,0.0,0,0,0,0,0,0,0,1.0,15,0,500.0,0.5,400.0,400.0,400.0,400.0
HermitScorpion1,70000.0,35.0,0.0,1.0,400.0,4000.0,1.0,1.0,ECreatureTemperament::AttackOnSight,0.0,0.0,0.0,0.0,0.0,0.0,0.0,0.6000000238418579,0.0,0,0,0,0,0,0,0,1.0,15,500,1500.0,0.5,1100.0,170.0,160.0,90.0
HermitScorpion2,100000.0,45.0,0.0,1.0,400.0,4000.0,1.0,1.0,ECreatureTemperament::AttackOnSight,0.0,0.0,1.0,0.0,0.0,0.0,0.0,0.6000000238418579,0.0,0,0,0,0,0,0,0,1.0,15,500,1500.0,0.5,1100.0,170.0,160.0,90.0
HermitScorpion3,130000.0,60.0,0.0,1.2999999523162842,400.0,4000.0,1.0,1.0,ECreatureTemperament::AttackOnSight,0.0,0.0,2.0,0.0,0.0,0.0,0.0,0.6000000238418579,0.0,0,0,0,0,0,0,0,1.0,15,500,1500.0,0.5,1100.0,170.0,160.0,90.0
WhipMantis1,90000.0,150.0,0.0,1.0,500.0,4000.0,1.0,1.0,ECreatureTemperament::AttackOnSight,0.0,0.0,0.0,0.0,0.0,0.0,0.0,0.6000000238418579,0.0,0,0,0,0,0,0,0,1.0,15,250,1500.0,0.5,2000.0,420.0,210.0,150.0
WhipMantis2,120000.0,270.0,0.0,1.0,500.0,4000.0,1.0,1.0,ECreatureTemperament::AttackOnSight,0.20000000298023224,0.0,0.0,0.0,0.0,0.0,0.0,0.6000000238418579,0.0,0,0,0,0,0,0,0,1.0,15,250,1500.0,0.5,2000.0,420.0,210.0,150.0
WhipMantis3,140000.0,270.0,0.0,1.0,500.0,4000.0,1.0,1.0,ECreatureTemperament::AttackOnSight,0.4000000059604645,0.0,0.0,0.0,0.0,0.0,0.0,0.6000000238418579,0.0,0,0,0,0,0,0,0,1.0,15,250,1500.0,0.5,2000.0,420.0,210.0,150.0
PrayingSpider1,20000.0,600.0,0.0,1.7000000476837158,550.0,4000.0,1.0,1.0,ECreatureTemperament::AttackOnSight,0.0,0.0,0.0,0.0,0.0,0.0,0.0,0.6000000238418579,0.0,0,0,0,0,0,0,0,1.0,15,250,1500.0,0.5,2000.0,420.0,210.0,150.0
PrayingSpider2,30000.0,600.0,0.0,1.7000000476837158,550.0,4000.0,1.0,1.0,ECreatureTemperament::AttackOnSight,0.0,0.0,0.0,0.0,0.0,0.0,0.0,0.6000000238418579,0.0,0,0,0,0,0,0,0,1.0,15,250,1500.0,0.5,2000.0,420.0,210.0,150.0
PrayingSpider3,30000.0,750.0,0.0,1.7000000476837158,550.0,4000.0,1.0,1.0,ECreatureTemperament::AttackOnSight,0.0,0.0,0.0,0.0,0.0,0.0,0.0,0.6000000238418579,0.0,0,0,0,0,0,0,0,1.0,15,250,1500.0,0.5,2000.0,420.0,210.0,150.0
TarantulaDragonFly1,45000.0,46.0,0.0,1.0,400.0,4000.0,1.0,1.0,ECreatureTemperament::AttackOnSight,0.0,0.20000000298023224,0.0,0.0,0.0,0.0,0.0,0.6000000238418579,0.0,0,0,0,0,0,0,0,1.0,15,600,1500.0,0.5,3000.0,300.0,410.0,250.0
TarantulaDragonFly2,70000.0,83.0,0.0,1.0,400.0,4000.0,1.0,1.0,ECreatureTemperament::AttackOnSight,0.0,0.5,0.0,0.0,0.0,0.0,0.0,0.6000000238418579,0.0,0,0,0,0,0,0,0,1.0,15,600,1500.0,0.5,3000.0,300.0,410.0,250.0
TarantulaDragonFly3,85000.0,100.0,0.0,1.2000000476837158,400.0,4000.0,1.0,1.0,ECreatureTemperament::AttackOnSight,0.0,0.699999988079071,0.0,0.0,0.0,0.0,0.0,0.6000000238418579,0.0,0,0,0,0,0,0,0,1.0,15,600,1500.0,0.5,3000.0,300.0,410.0,250.0
BulletAnt1,450.0,50.0,0.30000001192092896,1.0,400.0,30.0,2.0,0.05000000074505806,ECreatureTemperament::AttackOnSight,0.0,0.0,0.0,0.0,0.10000000149011612,300.0,0.0,0.0,0.0,0,0,0,0,0,0,0,1.0,16,0,500.0,0.5,450.0,60.0,50.0,42.0
BulletAnt2,600.0,65.0,0.30000001192092896,1.0,400.0,42.0,2.0,0.05000000074505806,ECreatureTemperament::AttackOnSight,0.0,0.0,0.0,0.0,0.15000000596046448,300.0,0.0,0.0,0.0,0,0,0,0,0,0,0,1.0,16,0,500.0,0.5,460.0,62.0,52.0,43.0
BulletAnt3,750.0,80.0,0.30000001192092896,1.0,400.0,54.0,2.0,0.05000000074505806,ECreatureTemperament::AttackOnSight,0.0,0.0,0.0,0.0,0.20000000298023224,300.0,0.0,0.0,0.0,0,0,0,0,0,0,0,1.0,16,0,500.0,0.5,470.0,64.0,54.0,44.0
VelvetWorm1,450.0,80.0,0.0,1.0,250.0,400.0,1.0,1.0,ECreatureTemperament::AttackOnSight,0.0,0.0,0.0,0.0,3.0,0.0,0.0,0.4000000059604645,0.0,0,0,0,0,0,0,0,1.0,15,87,800.0,0.5,600.0,120.0,105.0,70.0
YungVelvetWorm1,120.0,12.0,0.0,1.0,150.0,70.0,1.0,1.0,ECreatureTemperament::AttackOnSight,0.0,0.0,0.0,0.0,1.0,0.0,0.0,0.0,0.0,0,0,0,0,0,0,0,1.0,15,15,600.0,0.5,600.0,40.0,30.0,35.0
UberVelvetWorm1,8000.0,65.0,0.0,1.0,400.0,3000.0,1.0,1.0,ECreatureTemperament::AttackOnSight,0.0,0.0,0.0,0.0,10.0,0.0,0.0,0.4000000059604645,0.0,0,0,0,0,0,0,0,1.0,15,3000,800.0,0.5,600.0,160.0,150.0,90.0
LittleBlackAntQueen1,400.0,1.0,0.0,1.0,0.0,700.0,0.0,0.0,ECreatureTemperament::AttackOnSight,0.5,0.5,0.0,0.0,1.0,25.0,0.0,0.0,0.0,0,0,0,0,0,0,0,1.0,15,0,0.0,0.5,150.0,50.0,45.0,35.0
NianBeast1,520.0,28.0,0.0,1.0,700.0,320.0,1.0,1.0,ECreatureTemperament::AttackOnSight,0.0,0.25,0.0,0.0,0.0,0.0,0.0,0.0,0.0,0,0,0,0,0,0,0,1.0,15,50,500.0,0.5,1200.0,95.0,80.0,53.0
UberBombardierBeetle1,10000.0,10.0,0.0,1.0,400.0,3000.0,1.0,1.0,ECreatureTemperament::AttackOnSight,0.20000000298023224,0.0,0.800000011920929,0.0,0.0,0.0,0.0,0.4000000059604645,0.0,0,0,0,0,0,0,0,1.0,15,3000,600.0,0.5,600.0,80.0,75.0,56.0
UberRedVelvetAnt1,10000.0,240.0,0.0,1.2999999523162842,550.0,3000.0,1.0,1.0,ECreatureTemperament::AttackWhenFavorable,0.0,0.0,0.0,0.0,0.0,6.0,0.30000001192092896,0.4000000059604645,0.0,0,0,0,0,0,0,0,1.0,15,3000,600.0,0.5,600.0,80.0,75.0,56.0
UberNarrowMouthedToad1,12500.0,15.0,0.0,1.2000000476837158,400.0,3000.0,50.0,0.699999988079071,ECreatureTemperament::AttackOnSight,0.0,0.30000001192092896,0.0,0.0,0.0,0.0,0.0,0.30000001192092896,0.0,0,0,0,0,0,0,0,1.0,15,3000,600.0,0.5,600.0,80.0,75.0,56.0
UberEasternNewt1,10000.0,10.0,0.0,1.0,800.0,3000.0,1.0,1.0,ECreatureTemperament::AttackOnSight,0.0,0.699999988079071,0.0,0.0,0.0,0.0,0.0,0.20000000298023224,0.0,0,0,0,0,0,0,0,1.0,15,3000,600.0,0.5,700.0,80.0,75.0,56.0
NorthernDunesTigerBeetle1,800.0,40.0,0.0,1.0,800.0,300.0,1.0,1.0,ECreatureTemperament::AttackOnSight,0.0,0.0,0.0,0.0,0.0,0.0,0.0,0.4000000059604645,0.0,0,0,0,0,0,0,0,1.0,15,65,1500.0,0.5,600.0,75.0,60.0,53.0
NorthernDunesTigerBeetle_Small1,300.0,15.0,0.0,1.0,600.0,100.0,1.0,1.0,ECreatureTemperament::AttackOnSight,0.0,0.0,0.0,0.0,0.0,0.0,0.0,0.20000000298023224,0.0,0,0,0,0,0,0,0,1.0,15,22,1500.0,0.5,600.0,70.0,65.0,50.0
SandBearWolfSpider1,1000.0,80.0,0.0,1.0,1200.0,400.0,0.0,0.0,ECreatureTemperament::AttackOnSight,0.0,0.0,0.0,0.0,0.0,0.0,0.0,0.6000000238418579,0.0,0,0,0,0,0,0,0,1.0,15,86,500.0,0.5,600.0,75.0,60.0,53.0
MediumSandBearWolfSpider1,600.0,60.0,0.0,1.0,1000.0,257.0,0.0,0.0,ECreatureTemperament::AttackOnSight,0.0,0.0,0.0,0.0,0.0,0.0,0.0,0.4000000059604645,0.0,0,0,0,0,0,0,0,1.0,15,56,500.0,0.5,600.0,50.0,45.0,35.0
SmallSandBearWolfSpider1,200.0,40.0,0.0,1.0,800.0,100.0,0.0,0.0,ECreatureTemperament::AttackOnSight,0.0,0.0,0.0,0.0,0.0,0.0,0.0,0.20000000298023224,0.0,0,0,0,0,0,0,0,1.0,15,22,500.0,0.5,600.0,35.0,30.0,28.0
LargeSandBearWolfSpider1,4000.0,80.0,0.0,1.7000000476837158,1200.0,1050.0,0.0,0.0,ECreatureTemperament::AttackOnSight,0.0,0.0,0.0,0.0,0.0,0.0,0.0,0.6000000238418579,0.0,0,0,0,0,0,0,0,1.0,15,220,500.0,0.5,600.0,75.0,65.0,53.0
TestCreature1,10000.0,20.0,0.0,1.0,300.0,550.0,0.0,0.0,ECreatureTemperament::DoNotAttack,0.30000001192092896,0.0,0.0,0.0,0.0,0.0,0.0,0.4000000059604645,0.0,0,0,0,0,0,0,0,1.0,15,120,500.0,0.5,600.0,70.0,65.0,50.0
ExplodingAntQueen1,500.0,1.0,0.0,1.0,0.0,700.0,0.0,0.0,ECreatureTemperament::AttackOnSight,0.4000000059604645,0.6000000238418579,0.0,0.0,3.0,25.0,0.0,0.0,0.0,0,0,0,0,0,0,0,1.0,15,0,0.0,0.5,150.0,80.0,100.0,105.0
ExplodingAntWorker1,25.0,0.6000000238418579,0.0,1.0,300.0,2.0,2.0,0.05000000074505806,ECreatureTemperament::AttackOnSight,0.0,0.0,0.0,0.0,0.10000000149011612,0.0,0.0,0.0,0.0,0,0,0,0,0,0,0,5.0,15,0,500.0,0.5,400.0,28.0,20.0,25.0
ExplodingAntWorker2,35.0,0.800000011920929,0.0,1.0,340.0,4.0,4.0,0.05000000074505806,ECreatureTemperament::AttackOnSight,0.0,0.0,0.0,0.0,0.10000000149011612,0.0,0.0,0.0,0.0,0,0,0,0,0,0,0,5.0,15,0,500.0,0.5,400.0,30.0,22.0,27.0
ExplodingAntWorker3,45.0,1.0,0.0,1.0,380.0,5.0,6.0,0.05000000074505806,ECreatureTemperament::AttackOnSight,0.0,0.0,0.0,0.0,0.10000000149011612,0.0,0.0,0.0,0.0,0,0,0,0,0,0,0,5.0,15,0,500.0,0.5,400.0,32.0,24.0,29.0
ExplodingAntSoldier1,45.0,3.0,0.0,1.0,300.0,10.0,2.0,0.05000000074505806,ECreatureTemperament::AttackOnSight,0.0,0.0,0.0,0.0,0.10000000149011612,50.0,0.0,0.0,0.0,0,0,0,0,0,0,0,1.0,15,0,500.0,0.5,400.0,28.0,20.0,25.0
ExplodingAntSoldier2,56.0,4.0,0.0,1.0,300.0,14.0,2.0,0.05000000074505806,ECreatureTemperament::AttackOnSight,0.0,0.0,0.0,0.0,0.20000000298023224,50.0,0.0,0.0,0.0,0,0,0,0,0,0,0,1.0,15,0,500.0,0.5,400.0,30.0,22.0,27.0
ExplodingAntSoldier3,67.0,5.0,0.0,1.0,450.0,19.0,2.0,0.05000000074505806,ECreatureTemperament::AttackOnSight,0.0,0.0,0.0,0.0,0.30000001192092896,50.0,0.0,0.0,0.0,0,0,0,0,0,0,0,1.0,15,0,500.0,0.5,400.0,32.0,24.0,29.0
ExplodingAntMajorSoldier1,100.0,4.0,0.30000001192092896,1.0,310.0,12.0,2.0,0.05000000074505806,ECreatureTemperament::AttackOnSight,0.0,0.0,0.0,0.0,0.10000000149011612,0.0,0.0,0.0,0.0,0,0,0,0,0,0,0,1.0,20,0,500.0,0.5,400.0,40.0,30.0,35.0
ExplodingAntMajorSoldier2,115.0,4.5,0.30000001192092896,1.0,320.0,14.0,2.0,0.05000000074505806,ECreatureTemperament::AttackOnSight,0.0,0.0,0.0,0.0,0.20000000298023224,0.0,0.0,0.0,0.0,0,0,0,0,0,0,0,1.0,24,0,500.0,0.5,400.0,42.0,32.0,37.0
ExplodingAntMajorSoldier3,130.0,5.0,0.30000001192092896,1.0,330.0,16.0,2.0,0.05000000074505806,ECreatureTemperament::AttackOnSight,0.0,0.0,0.0,0.0,0.30000001192092896,0.0,0.0,0.0,0.0,0,0,0,0,0,0,0,1.0,30,0,500.0,0.5,400.0,44.0,34.0,39.0
ExplodingTermiteQueen1,1300.0,1.0,0.0,1.0,0.0,700.0,0.0,0.0,ECreatureTemperament::AttackOnSight,0.4000000059604645,0.6000000238418579,0.0,0.05000000074505806,1.0,25.0,0.0,0.0,0.0,0,0,0,0,0,0,0,1.0,15,800,0.0,0.5,150.0,80.0,100.0,105.0
ExplodingTermiteKing1,140.0,7.0,0.0,1.399999976158142,320.0,18.0,2.0,0.05000000074505806,ECreatureTemperament::AttackOnSight,0.0,0.0,0.0,0.0,0.10000000149011612,0.0,0.20000000298023224,0.0,0.0,0,0,0,0,0,0,0,1.0,20,50,500.0,0.5,1300.0,44.0,34.0,39.0
ExplodingTermiteWorker1,30.0,0.4000000059604645,0.0,1.0,300.0,5.0,2.0,0.05000000074505806,ECreatureTemperament::AttackOnSight,0.0,0.0,0.0,0.0,0.10000000149011612,0.0,0.0,0.0,0.0,0,0,0,0,0,0,0,5.0,15,20,500.0,0.5,400.0,28.0,20.0,25.0
ExplodingTermiteWorker2,40.0,0.5,0.0,1.0,340.0,7.0,4.0,0.05000000074505806,ECreatureTemperament::AttackOnSight,0.0,0.0,0.0,0.0,0.10000000149011612,0.0,0.0,0.0,0.0,0,0,0,0,0,0,0,5.0,15,22,500.0,0.5,400.0,30.0,22.0,27.0
ExplodingTermiteWorker3,50.0,0.6000000238418579,0.0,1.0,380.0,9.0,6.0,0.05000000074505806,ECreatureTemperament::AttackOnSight,0.0,0.0,0.0,0.0,0.10000000149011612,0.0,0.0,0.0,0.0,0,0,0,0,0,0,0,5.0,35,24,500.0,0.5,400.0,32.0,24.0,29.0
ExplodingTermiteSoldier1,95.0,6.0,0.30000001192092896,0.699999988079071,300.0,14.0,2.0,0.05000000074505806,ECreatureTemperament::AttackOnSight,0.0,0.0,0.0,0.0,0.10000000149011612,0.0,0.20000000298023224,0.0,0.0,0,0,0,0,0,0,0,1.0,15,24,500.0,0.5,400.0,40.0,30.0,35.0
ExplodingTermiteSoldier2,110.0,7.5,0.30000001192092896,0.699999988079071,300.0,16.0,2.0,0.05000000074505806,ECreatureTemperament::AttackOnSight,0.0,0.0,0.0,0.0,0.10000000149011612,0.0,0.20000000298023224,0.0,0.0,0,0,0,0,0,0,0,1.0,15,26,500.0,0.5,400.0,42.0,32.0,37.0
ExplodingTermiteSoldier3,125.0,9.0,0.30000001192092896,0.699999988079071,300.0,18.0,2.0,0.05000000074505806,ECreatureTemperament::AttackOnSight,0.0,0.0,0.0,0.0,0.10000000149011612,0.0,0.20000000298023224,0.0,0.0,0,0,0,0,0,0,0,1.0,15,28,500.0,0.5,400.0,44.0,34.0,39.0
UberRainbowLizard1,12500.0,15.0,0.0,1.0,900.0,3000.0,0.0,1.0,ECreatureTemperament::AttackOnSight,0.0,0.0,0.0,0.0,0.0,0.0,0.0,0.6000000238418579,0.4000000059604645,0,0,0,0,0,0,0,1.0,15,3000,1500.0,0.5,1400.0,160.0,150.0,90.0
UberAfricanGiantCentipede1,10000.0,40.0,0.0,1.2000000476837158,400.0,3000.0,0.0,1.0,ECreatureTemperament::AttackOnSight,0.30000001192092896,0.0,0.0,0.0,0.0,0.0,0.20000000298023224,0.20000000298023224,0.0,0,0,0,0,0,0,0,1.0,15,3000,1500.0,0.5,1500.0,160.0,150.0,90.0
UberAlligatorbackScorpion1,10000.0,27.0,0.0,1.0,330.0,3000.0,0.0,1.0,ECreatureTemperament::AttackOnSight,0.0,0.10000000149011612,0.5,0.0,0.0,0.0,0.20000000298023224,0.20000000298023224,0.0,0,0,0,0,0,0,0,1.0,15,3000,500.0,0.5,600.0,160.0,150.0,90.0
UberHuntsmanSpider1,10000.0,200.0,0.0,1.5,1300.0,3000.0,0.0,1.0,ECreatureTemperament::AttackOnSight,0.0,0.0,0.0,0.30000001192092896,1.5,0.0,0.0,0.4000000059604645,0.0,0,0,0,0,0,0,0,1.0,15,3000,500.0,0.5,1800.0,75.0,60.0,53.0
UberSunSpider1,10000.0,30.0,0.0,1.0,1000.0,3000.0,0.0,1.0,ECreatureTemperament::AttackOnSight,0.0,0.4000000059604645,0.0,0.0,0.0,0.0,0.4000000059604645,0.4000000059604645,0.0,0,0,0,0,0,0,0,1.0,15,3000,1500.0,0.5,800.0,160.0,150.0,90.0
Larry1,100000.0,300.0,0.0,2.0,300.0,2.0,2.0,0.05000000074505806,ECreatureTemperament::AttackOnSight,0.0,0.0,0.0,0.0,0.10000000149011612,0.0,0.800000011920929,0.8999999761581421,0.0,0,0,0,0,0,0,0,5.0,15,0,500.0,0.5,400.0,28.0,20.0,25.0
EuropeanShoreCrab_Huge1,8000.0,24.0,0.0,1.0,490.0,1700.0,50.0,0.699999988079071,ECreatureTemperament::AttackOnSight,0.0,0.0,2.0,0.0,0.0,0.0,0.0,0.6000000238418579,0.0,0,0,0,0,0,0,0,1.0,15,1400,1500.0,0.5,800.0,500.0,210.0,250.0
EuropeanShoreCrab_Huge2,10000.0,24.0,0.0,1.0,490.0,1700.0,50.0,0.699999988079071,ECreatureTemperament::AttackOnSight,0.0,0.0,2.0,0.0,0.0,0.0,0.0,0.6000000238418579,0.0,0,0,0,0,0,0,0,1.0,15,1400,1500.0,0.5,800.0,500.0,210.0,250.0
EuropeanShoreCrab_Huge3,12000.0,24.0,0.0,1.0,490.0,1700.0,50.0,0.699999988079071,ECreatureTemperament::AttackOnSight,0.0,0.0,2.0,0.0,0.0,0.0,0.0,0.6000000238418579,0.0,0,0,0,0,0,0,0,1.0,15,1400,1500.0,0.5,800.0,500.0,210.0,250.0
EuropeanShoreCrab_Huge4,15000.0,24.0,0.0,1.0,490.0,1700.0,50.0,0.699999988079071,ECreatureTemperament::AttackOnSight,0.0,0.0,2.0,0.0,0.0,0.0,0.0,0.6000000238418579,0.0,0,0,0,0,0,0,0,1.0,15,1400,1500.0,0.5,800.0,500.0,210.0,250.0
EuropeanShoreCrab_Medium1,700.0,18.0,0.0,1.149999976158142,240.0,325.0,50.0,0.699999988079071,ECreatureTemperament::AttackOnSight,0.0,0.0,1.0,0.0,0.0,0.0,0.0,0.20000000298023224,0.0,0,0,0,0,0,0,0,1.0,15,80,500.0,0.5,600.0,160.0,150.0,90.0
EuropeanShoreCrab_Medium2,950.0,24.0,0.0,1.149999976158142,240.0,470.0,50.0,0.699999988079071,ECreatureTemperament::AttackOnSight,0.0,0.0,1.0,0.0,0.0,0.0,0.0,0.20000000298023224,0.0,0,0,0,0,0,0,0,1.0,15,120,500.0,0.5,600.0,160.0,150.0,90.0
EuropeanShoreCrab_Medium3,1300.0,32.0,0.0,1.149999976158142,240.0,580.0,50.0,0.699999988079071,ECreatureTemperament::AttackOnSight,0.0,0.0,1.0,0.0,0.0,0.0,0.0,0.20000000298023224,0.0,0,0,0,0,0,0,0,1.0,15,150,500.0,0.5,600.0,160.0,150.0,90.0
SandLizard1,4000.0,55.0,0.0,1.0,800.0,1150.0,1.0,1.0,ECreatureTemperament::AttackOnSight,0.0,0.0,0.0,0.0,0.0,0.0,0.0,0.6000000238418579,0.0,0,0,0,0,0,0,0,1.0,15,600,1500.0,0.5,800.0,160.0,150.0,90.0
SandLizard2,5000.0,55.0,0.0,1.0,800.0,1150.0,1.0,1.0,ECreatureTemperament::AttackOnSight,0.0,0.0,0.0,0.0,0.0,0.0,0.0,0.6000000238418579,0.0,0,0,0,0,0,0,0,1.0,15,600,1500.0,0.5,800.0,160.0,150.0,90.0
SandLizard3,6000.0,55.0,0.0,1.0,800.0,1150.0,1.0,1.0,ECreatureTemperament::AttackOnSight,0.0,0.0,0.0,0.0,0.0,0.0,0.0,0.6000000238418579,0.0,0,0,0,0,0,0,0,1.0,15,600,1500.0,0.5,800.0,160.0,150.0,90.0
SandLizard4,8000.0,55.0,0.0,1.0,800.0,1150.0,1.0,1.0,ECreatureTemperament::AttackOnSight,0.0,0.0,0.0,0.0,0.0,0.0,0.0,0.6000000238418579,0.0,0,0,0,0,0,0,0,1.0,15,600,1500.0,0.5,800.0,160.0,150.0,90.0
